type,url
Spirit,https://test.bcmhunt.com/assets/monstersv1/Spirit/Spirit_NEW_9.png
Spirit,https://test.bcmhunt.com/assets/monstersv1/Spirit/Spirit_NEW_7.png
Spirit,https://test.bcmhunt.com/assets/monstersv1/Spirit/45.png
Spirit,https://test.bcmhunt.com/assets/monstersv1/Spirit/129.png
Spirit,https://test.bcmhunt.com/assets/monstersv1/Spirit/30.png
Spirit,https://test.bcmhunt.com/assets/monstersv1/Spirit/115-spirit.png
Spirit,https://test.bcmhunt.com/assets/monstersv1/Spirit/51-spirit.png
Spirit,https://test.bcmhunt.com/assets/monstersv1/Spirit/Spirit4.png
Spirit,https://test.bcmhunt.com/assets/monstersv1/Spirit/Spirit2.png
Spirit,https://test.bcmhunt.com/assets/monstersv1/Spirit/Spirit5.png
Spirit,https://test.bcmhunt.com/assets/monstersv1/Spirit/Spirit_NEW_6.png
Spirit,https://test.bcmhunt.com/assets/monstersv1/Spirit/Spirit3.png
Spirit,https://test.bcmhunt.com/assets/monstersv1/Spirit/Spirit_NEW_8.png
Spirit,https://test.bcmhunt.com/assets/monstersv1/Spirit/90.png
Spirit,https://test.bcmhunt.com/assets/monstersv1/Spirit/137-spirit.png
Spirit,https://test.bcmhunt.com/assets/monstersv1/Spirit/170.png
Spirit,https://test.bcmhunt.com/assets/monstersv1/Spirit/Spirit1.png
Fire,https://test.bcmhunt.com/assets/monstersv1/Fire/Fire10.png
Fire,https://test.bcmhunt.com/assets/monstersv1/Fire/134-lava.png
Fire,https://test.bcmhunt.com/assets/monstersv1/Fire/Fire20.png
Fire,https://test.bcmhunt.com/assets/monstersv1/Fire/Fire_NEW_35.png
Fire,https://test.bcmhunt.com/assets/monstersv1/Fire/Fire03.png
Fire,https://test.bcmhunt.com/assets/monstersv1/Fire/Fire23.png
Fire,https://test.bcmhunt.com/assets/monstersv1/Fire/Fire11.png
Fire,https://test.bcmhunt.com/assets/monstersv1/Fire/82.png
Fire,https://test.bcmhunt.com/assets/monstersv1/Fire/76.png
Fire,https://test.bcmhunt.com/assets/monstersv1/Fire/Fire30.png
Fire,https://test.bcmhunt.com/assets/monstersv1/Fire/Fire05.png
Fire,https://test.bcmhunt.com/assets/monstersv1/Fire/Fire27.png
Fire,https://test.bcmhunt.com/assets/monstersv1/Fire/Fire16.png
Fire,https://test.bcmhunt.com/assets/monstersv1/Fire/126.png
Fire,https://test.bcmhunt.com/assets/monstersv1/Fire/51-fire.png
Fire,https://test.bcmhunt.com/assets/monstersv1/Fire/Fire29.png
Fire,https://test.bcmhunt.com/assets/monstersv1/Fire/Fire21.png
Fire,https://test.bcmhunt.com/assets/monstersv1/Fire/Fire12.png
Fire,https://test.bcmhunt.com/assets/monstersv1/Fire/115-fire.png
Fire,https://test.bcmhunt.com/assets/monstersv1/Fire/Fire_NEW_33.png
Fire,https://test.bcmhunt.com/assets/monstersv1/Fire/Fire18.png
Fire,https://test.bcmhunt.com/assets/monstersv1/Fire/Fire26.png
Fire,https://test.bcmhunt.com/assets/monstersv1/Fire/85.png
Fire,https://test.bcmhunt.com/assets/monstersv1/Fire/Fire24.png
Fire,https://test.bcmhunt.com/assets/monstersv1/Fire/Fire_NEW_31.png
Fire,https://test.bcmhunt.com/assets/monstersv1/Fire/Fire13.png
Fire,https://test.bcmhunt.com/assets/monstersv1/Fire/Fire09.png
Fire,https://test.bcmhunt.com/assets/monstersv1/Fire/42.png
Fire,https://test.bcmhunt.com/assets/monstersv1/Fire/Fire19.png
Fire,https://test.bcmhunt.com/assets/monstersv1/Fire/Fire_NEW_36.png
Fire,https://test.bcmhunt.com/assets/monstersv1/Fire/Fire07.png
Fire,https://test.bcmhunt.com/assets/monstersv1/Fire/Fire06.png
Fire,https://test.bcmhunt.com/assets/monstersv1/Fire/Fire04.png
Fire,https://test.bcmhunt.com/assets/monstersv1/Fire/Fire_NEW_32.png
Fire,https://test.bcmhunt.com/assets/monstersv1/Fire/Fire08.png
Fire,https://test.bcmhunt.com/assets/monstersv1/Fire/Fire01.png
Fire,https://test.bcmhunt.com/assets/monstersv1/Fire/63.png
Fire,https://test.bcmhunt.com/assets/monstersv1/Fire/Fire28.png
Fire,https://test.bcmhunt.com/assets/monstersv1/Fire/Fire02.png
Fire,https://test.bcmhunt.com/assets/monstersv1/Fire/Fire14.png
Fire,https://test.bcmhunt.com/assets/monstersv1/Fire/Fire25.png
Fire,https://test.bcmhunt.com/assets/monstersv1/Fire/Fire17.png
Fire,https://test.bcmhunt.com/assets/monstersv1/Fire/Fire22.png
Fire,https://test.bcmhunt.com/assets/monstersv1/Fire/Fire_NEW_34.png
Fire,https://test.bcmhunt.com/assets/monstersv1/Fire/21.png
Fire,https://test.bcmhunt.com/assets/monstersv1/Fire/Fire15.png
Dark,https://test.bcmhunt.com/assets/monstersv1/Dark/Dark5.png
Dark,https://test.bcmhunt.com/assets/monstersv1/Dark/43.png
Dark,https://test.bcmhunt.com/assets/monstersv1/Dark/84.png
Dark,https://test.bcmhunt.com/assets/monstersv1/Dark/40.png
Dark,https://test.bcmhunt.com/assets/monstersv1/Dark/137-dark.png
Dark,https://test.bcmhunt.com/assets/monstersv1/Dark/Dark_NEW_10.png
Dark,https://test.bcmhunt.com/assets/monstersv1/Dark/144.png
Dark,https://test.bcmhunt.com/assets/monstersv1/Dark/Dark_NEW_7.png
Dark,https://test.bcmhunt.com/assets/monstersv1/Dark/68.png
Dark,https://test.bcmhunt.com/assets/monstersv1/Dark/Dark_NEW_13.png
Dark,https://test.bcmhunt.com/assets/monstersv1/Dark/44-dark.png
Dark,https://test.bcmhunt.com/assets/monstersv1/Dark/181-dark.png
Dark,https://test.bcmhunt.com/assets/monstersv1/Dark/Dark_NEW_6.png
Dark,https://test.bcmhunt.com/assets/monstersv1/Dark/110.png
Dark,https://test.bcmhunt.com/assets/monstersv1/Dark/51-dark.png
Dark,https://test.bcmhunt.com/assets/monstersv1/Dark/Dark_NEW_12.png
Dark,https://test.bcmhunt.com/assets/monstersv1/Dark/62.png
Dark,https://test.bcmhunt.com/assets/monstersv1/Dark/109.png
Dark,https://test.bcmhunt.com/assets/monstersv1/Dark/54.png
Dark,https://test.bcmhunt.com/assets/monstersv1/Dark/103.png
Dark,https://test.bcmhunt.com/assets/monstersv1/Dark/Dark3.png
Dark,https://test.bcmhunt.com/assets/monstersv1/Dark/Dark_NEW_8.png
Dark,https://test.bcmhunt.com/assets/monstersv1/Dark/Dark4.png
Dark,https://test.bcmhunt.com/assets/monstersv1/Dark/119.png
Dark,https://test.bcmhunt.com/assets/monstersv1/Dark/50.png
Dark,https://test.bcmhunt.com/assets/monstersv1/Dark/37.png
Dark,https://test.bcmhunt.com/assets/monstersv1/Dark/187.png
Dark,https://test.bcmhunt.com/assets/monstersv1/Dark/26.png
Dark,https://test.bcmhunt.com/assets/monstersv1/Dark/47.png
Dark,https://test.bcmhunt.com/assets/monstersv1/Dark/Dark1.png
Dark,https://test.bcmhunt.com/assets/monstersv1/Dark/18.png
Dark,https://test.bcmhunt.com/assets/monstersv1/Dark/35.png
Dark,https://test.bcmhunt.com/assets/monstersv1/Dark/124.png
Dark,https://test.bcmhunt.com/assets/monstersv1/Dark/114.png
Dark,https://test.bcmhunt.com/assets/monstersv1/Dark/150.png
Dark,https://test.bcmhunt.com/assets/monstersv1/Dark/Dark_NEW_9.png
Dark,https://test.bcmhunt.com/assets/monstersv1/Dark/191.png
Dark,https://test.bcmhunt.com/assets/monstersv1/Dark/Dark2.png
Dark,https://test.bcmhunt.com/assets/monstersv1/Dark/115-dark.png
Dark,https://test.bcmhunt.com/assets/monstersv1/Dark/Dark_NEW_11.png
Dark,https://test.bcmhunt.com/assets/monstersv1/Dark/72.png
Dark,https://test.bcmhunt.com/assets/monstersv1/Dark/44.png
Water,https://test.bcmhunt.com/assets/monstersv1/Water/163.png
Water,https://test.bcmhunt.com/assets/monstersv1/Water/Water_NEW_4.png
Water,https://test.bcmhunt.com/assets/monstersv1/Water/41.png
Water,https://test.bcmhunt.com/assets/monstersv1/Water/Water_NEW_8.png
Water,https://test.bcmhunt.com/assets/monstersv1/Water/55-water.png
Water,https://test.bcmhunt.com/assets/monstersv1/Water/211.png
Water,https://test.bcmhunt.com/assets/monstersv1/Water/51-water.png
Water,https://test.bcmhunt.com/assets/monstersv1/Water/Water_NEW_2.png
Water,https://test.bcmhunt.com/assets/monstersv1/Water/56.png
Water,https://test.bcmhunt.com/assets/monstersv1/Water/Water_NEW_5.png
Water,https://test.bcmhunt.com/assets/monstersv1/Water/19.png
Water,https://test.bcmhunt.com/assets/monstersv1/Water/146.png
Water,https://test.bcmhunt.com/assets/monstersv1/Water/81.png
Water,https://test.bcmhunt.com/assets/monstersv1/Water/79-water.png
Water,https://test.bcmhunt.com/assets/monstersv1/Water/149.png
Water,https://test.bcmhunt.com/assets/monstersv1/Water/207.png
Water,https://test.bcmhunt.com/assets/monstersv1/Water/39.png
Water,https://test.bcmhunt.com/assets/monstersv1/Water/Water_NEW_6.png
Water,https://test.bcmhunt.com/assets/monstersv1/Water/Water_NEW_1.png
Water,https://test.bcmhunt.com/assets/monstersv1/Water/Water_NEW_7.png
Water,https://test.bcmhunt.com/assets/monstersv1/Water/210.png
Water,https://test.bcmhunt.com/assets/monstersv1/Water/94.png
Water,https://test.bcmhunt.com/assets/monstersv1/Water/Water_NEW_3.png
Water,https://test.bcmhunt.com/assets/monstersv1/Water/137-water.png
Water,https://test.bcmhunt.com/assets/monstersv1/Water/16.png
Light,https://test.bcmhunt.com/assets/monstersv1/Light/Light20.png
Light,https://test.bcmhunt.com/assets/monstersv1/Light/Light42.png
Light,https://test.bcmhunt.com/assets/monstersv1/Light/Light27.png
Light,https://test.bcmhunt.com/assets/monstersv1/Light/Light23.png
Light,https://test.bcmhunt.com/assets/monstersv1/Light/Light09.png
Light,https://test.bcmhunt.com/assets/monstersv1/Light/Light01.png
Light,https://test.bcmhunt.com/assets/monstersv1/Light/Light15.png
Light,https://test.bcmhunt.com/assets/monstersv1/Light/Light40.png
Light,https://test.bcmhunt.com/assets/monstersv1/Light/Light04.png
Light,https://test.bcmhunt.com/assets/monstersv1/Light/Light03.png
Light,https://test.bcmhunt.com/assets/monstersv1/Light/Light19.png
Light,https://test.bcmhunt.com/assets/monstersv1/Light/Light13.png
Light,https://test.bcmhunt.com/assets/monstersv1/Light/Light17.png
Light,https://test.bcmhunt.com/assets/monstersv1/Light/Light10.png
Light,https://test.bcmhunt.com/assets/monstersv1/Light/101.png
Light,https://test.bcmhunt.com/assets/monstersv1/Light/Light37.png
Light,https://test.bcmhunt.com/assets/monstersv1/Light/Light07.png
Light,https://test.bcmhunt.com/assets/monstersv1/Light/Light43.png
Light,https://test.bcmhunt.com/assets/monstersv1/Light/Light16.png
Light,https://test.bcmhunt.com/assets/monstersv1/Light/44-light.png
Light,https://test.bcmhunt.com/assets/monstersv1/Light/Light08.png
Light,https://test.bcmhunt.com/assets/monstersv1/Light/181-light.png
Light,https://test.bcmhunt.com/assets/monstersv1/Light/125.png
Light,https://test.bcmhunt.com/assets/monstersv1/Light/Light33.png
Light,https://test.bcmhunt.com/assets/monstersv1/Light/Light39.png
Light,https://test.bcmhunt.com/assets/monstersv1/Light/Light34.png
Light,https://test.bcmhunt.com/assets/monstersv1/Light/Light28.png
Light,https://test.bcmhunt.com/assets/monstersv1/Light/Light14.png
Light,https://test.bcmhunt.com/assets/monstersv1/Light/Light45.png
Light,https://test.bcmhunt.com/assets/monstersv1/Light/99.png
Light,https://test.bcmhunt.com/assets/monstersv1/Light/Light22.png
Light,https://test.bcmhunt.com/assets/monstersv1/Light/Light36.png
Light,https://test.bcmhunt.com/assets/monstersv1/Light/Light32.png
Light,https://test.bcmhunt.com/assets/monstersv1/Light/Light47.png
Light,https://test.bcmhunt.com/assets/monstersv1/Light/Light29.png
Light,https://test.bcmhunt.com/assets/monstersv1/Light/Light41.png
Light,https://test.bcmhunt.com/assets/monstersv1/Light/48.png
Light,https://test.bcmhunt.com/assets/monstersv1/Light/Light26.png
Light,https://test.bcmhunt.com/assets/monstersv1/Light/Light06.png
Light,https://test.bcmhunt.com/assets/monstersv1/Light/Light25.png
Light,https://test.bcmhunt.com/assets/monstersv1/Light/Light30.png
Light,https://test.bcmhunt.com/assets/monstersv1/Light/Light44.png
Light,https://test.bcmhunt.com/assets/monstersv1/Light/148.png
Light,https://test.bcmhunt.com/assets/monstersv1/Light/Light12.png
Light,https://test.bcmhunt.com/assets/monstersv1/Light/Light05.png
Light,https://test.bcmhunt.com/assets/monstersv1/Light/49.png
Light,https://test.bcmhunt.com/assets/monstersv1/Light/Light11.png
Light,https://test.bcmhunt.com/assets/monstersv1/Light/Light38.png
Light,https://test.bcmhunt.com/assets/monstersv1/Light/Light02.png
Light,https://test.bcmhunt.com/assets/monstersv1/Light/Light18.png
Light,https://test.bcmhunt.com/assets/monstersv1/Light/Light46.png
Light,https://test.bcmhunt.com/assets/monstersv1/Light/Light24.png
Light,https://test.bcmhunt.com/assets/monstersv1/Light/Light35.png
Light,https://test.bcmhunt.com/assets/monstersv1/Light/Light21.png
Light,https://test.bcmhunt.com/assets/monstersv1/Light/Light31.png
Earth,https://test.bcmhunt.com/assets/monstersv1/Earth/Earth4.png
Earth,https://test.bcmhunt.com/assets/monstersv1/Earth/142.png
Earth,https://test.bcmhunt.com/assets/monstersv1/Earth/113.png
Earth,https://test.bcmhunt.com/assets/monstersv1/Earth/137-earth.png
Earth,https://test.bcmhunt.com/assets/monstersv1/Earth/Earth_NEW24.png
Earth,https://test.bcmhunt.com/assets/monstersv1/Earth/123.png
Earth,https://test.bcmhunt.com/assets/monstersv1/Earth/105.png
Earth,https://test.bcmhunt.com/assets/monstersv1/Earth/Earth10.png
Earth,https://test.bcmhunt.com/assets/monstersv1/Earth/Earth6.png
Earth,https://test.bcmhunt.com/assets/monstersv1/Earth/Earth1.png
Earth,https://test.bcmhunt.com/assets/monstersv1/Earth/Earth_NEW25.png
Earth,https://test.bcmhunt.com/assets/monstersv1/Earth/Earth_NEW12.png
Earth,https://test.bcmhunt.com/assets/monstersv1/Earth/169.png
Earth,https://test.bcmhunt.com/assets/monstersv1/Earth/181-earth.png
Earth,https://test.bcmhunt.com/assets/monstersv1/Earth/Earth8.png
Earth,https://test.bcmhunt.com/assets/monstersv1/Earth/Earth_NEW13.png
Earth,https://test.bcmhunt.com/assets/monstersv1/Earth/Earth_NEW11.png
Earth,https://test.bcmhunt.com/assets/monstersv1/Earth/2.png
Earth,https://test.bcmhunt.com/assets/monstersv1/Earth/152.png
Earth,https://test.bcmhunt.com/assets/monstersv1/Earth/Earth_NEW21.png
Earth,https://test.bcmhunt.com/assets/monstersv1/Earth/138.png
Earth,https://test.bcmhunt.com/assets/monstersv1/Earth/15.png
Earth,https://test.bcmhunt.com/assets/monstersv1/Earth/Earth_NEW17.png
Earth,https://test.bcmhunt.com/assets/monstersv1/Earth/Earth_NEW20.png
Earth,https://test.bcmhunt.com/assets/monstersv1/Earth/Earth_NEW19.png
Earth,https://test.bcmhunt.com/assets/monstersv1/Earth/Earth_NEW22.png
Earth,https://test.bcmhunt.com/assets/monstersv1/Earth/121.png
Earth,https://test.bcmhunt.com/assets/monstersv1/Earth/140.png
Earth,https://test.bcmhunt.com/assets/monstersv1/Earth/14.png
Earth,https://test.bcmhunt.com/assets/monstersv1/Earth/Earth5.png
Earth,https://test.bcmhunt.com/assets/monstersv1/Earth/134.png
Earth,https://test.bcmhunt.com/assets/monstersv1/Earth/Earth9.png
Earth,https://test.bcmhunt.com/assets/monstersv1/Earth/Earth7.png
Earth,https://test.bcmhunt.com/assets/monstersv1/Earth/Earth_NEW16.png
Earth,https://test.bcmhunt.com/assets/monstersv1/Earth/134-earthstone.png
Earth,https://test.bcmhunt.com/assets/monstersv1/Earth/139.png
Earth,https://test.bcmhunt.com/assets/monstersv1/Earth/70.png
Earth,https://test.bcmhunt.com/assets/monstersv1/Earth/6.png
Earth,https://test.bcmhunt.com/assets/monstersv1/Earth/179.png
Earth,https://test.bcmhunt.com/assets/monstersv1/Earth/147.png
Earth,https://test.bcmhunt.com/assets/monstersv1/Earth/8.png
Earth,https://test.bcmhunt.com/assets/monstersv1/Earth/55-earth.png
Earth,https://test.bcmhunt.com/assets/monstersv1/Earth/86.png
Earth,https://test.bcmhunt.com/assets/monstersv1/Earth/Earth_NEW14.png
Earth,https://test.bcmhunt.com/assets/monstersv1/Earth/Earth2.png
Earth,https://test.bcmhunt.com/assets/monstersv1/Earth/Earth_NEW26.png
Earth,https://test.bcmhunt.com/assets/monstersv1/Earth/143.png
Earth,https://test.bcmhunt.com/assets/monstersv1/Earth/58.png
Earth,https://test.bcmhunt.com/assets/monstersv1/Earth/127.png
Earth,https://test.bcmhunt.com/assets/monstersv1/Earth/Earth_NEW23.png
Earth,https://test.bcmhunt.com/assets/monstersv1/Earth/132.png
Earth,https://test.bcmhunt.com/assets/monstersv1/Earth/Earth_NEW15.png
Earth,https://test.bcmhunt.com/assets/monstersv1/Earth/23.png
Earth,https://test.bcmhunt.com/assets/monstersv1/Earth/177.png
Earth,https://test.bcmhunt.com/assets/monstersv1/Earth/97.png
Earth,https://test.bcmhunt.com/assets/monstersv1/Earth/Earth_NEW18.png
Earth,https://test.bcmhunt.com/assets/monstersv1/Earth/Earth3.png
Earth,https://test.bcmhunt.com/assets/monstersv1/Earth/115-earth.png
Earth,https://test.bcmhunt.com/assets/monstersv1/Earth/173.png
Earth,https://test.bcmhunt.com/assets/monstersv1/Earth/107.png
Electric,https://test.bcmhunt.com/assets/monstersv1/Electric/Electric5.png
Electric,https://test.bcmhunt.com/assets/monstersv1/Electric/Eletric27.png
Electric,https://test.bcmhunt.com/assets/monstersv1/Electric/Electric2.png
Electric,https://test.bcmhunt.com/assets/monstersv1/Electric/Electric6.png
Electric,https://test.bcmhunt.com/assets/monstersv1/Electric/Eletric29.png
Electric,https://test.bcmhunt.com/assets/monstersv1/Electric/Eletric28.png
Electric,https://test.bcmhunt.com/assets/monstersv1/Electric/Eletric19.png
Electric,https://test.bcmhunt.com/assets/monstersv1/Electric/Eletric23.png
Electric,https://test.bcmhunt.com/assets/monstersv1/Electric/Electric3.png
Electric,https://test.bcmhunt.com/assets/monstersv1/Electric/Eletric18.png
Electric,https://test.bcmhunt.com/assets/monstersv1/Electric/Electric4.png
Electric,https://test.bcmhunt.com/assets/monstersv1/Electric/Eletric13.png
Electric,https://test.bcmhunt.com/assets/monstersv1/Electric/Eletric14.png
Electric,https://test.bcmhunt.com/assets/monstersv1/Electric/Electric7.png
Electric,https://test.bcmhunt.com/assets/monstersv1/Electric/Eletric25.png
Electric,https://test.bcmhunt.com/assets/monstersv1/Electric/Eletric22.png
Electric,https://test.bcmhunt.com/assets/monstersv1/Electric/Eletric17.png
Electric,https://test.bcmhunt.com/assets/monstersv1/Electric/Eletric20.png
Electric,https://test.bcmhunt.com/assets/monstersv1/Electric/Eletric26.png
Electric,https://test.bcmhunt.com/assets/monstersv1/Electric/Eletric16.png
Electric,https://test.bcmhunt.com/assets/monstersv1/Electric/Eletric8.png
Electric,https://test.bcmhunt.com/assets/monstersv1/Electric/Eletric12.png
Electric,https://test.bcmhunt.com/assets/monstersv1/Electric/Eletric30.png
Electric,https://test.bcmhunt.com/assets/monstersv1/Electric/Eletric10.png
Electric,https://test.bcmhunt.com/assets/monstersv1/Electric/Eletric21.png
Electric,https://test.bcmhunt.com/assets/monstersv1/Electric/Eletric9.png
Electric,https://test.bcmhunt.com/assets/monstersv1/Electric/Eletric15.png
Electric,https://test.bcmhunt.com/assets/monstersv1/Electric/Eletric24.png
Electric,https://test.bcmhunt.com/assets/monstersv1/Electric/Eletric11.png
Electric,https://test.bcmhunt.com/assets/monstersv1/Electric/Electric1.png
Wind,https://test.bcmhunt.com/assets/monstersv1/Wind/Wind_NEW_10.png
Wind,https://test.bcmhunt.com/assets/monstersv1/Wind/Wind_NEW_7.png
Wind,https://test.bcmhunt.com/assets/monstersv1/Wind/197.png
Wind,https://test.bcmhunt.com/assets/monstersv1/Wind/Wind_NEW_3.png
Wind,https://test.bcmhunt.com/assets/monstersv1/Wind/Wind_NEW_6.png
Wind,https://test.bcmhunt.com/assets/monstersv1/Wind/96.png
Wind,https://test.bcmhunt.com/assets/monstersv1/Wind/195.png
Wind,https://test.bcmhunt.com/assets/monstersv1/Wind/79-wind.png
Wind,https://test.bcmhunt.com/assets/monstersv1/Wind/Wind_NEW_8.png
Wind,https://test.bcmhunt.com/assets/monstersv1/Wind/Wind_NEW_2.png
Wind,https://test.bcmhunt.com/assets/monstersv1/Wind/32.png
Wind,https://test.bcmhunt.com/assets/monstersv1/Wind/181-wind.png
Wind,https://test.bcmhunt.com/assets/monstersv1/Wind/55-wind.png
Wind,https://test.bcmhunt.com/assets/monstersv1/Wind/Wind_NEW_1.png
Wind,https://test.bcmhunt.com/assets/monstersv1/Wind/Wind_NEW_12.png
Wind,https://test.bcmhunt.com/assets/monstersv1/Wind/Wind_NEW_14.png
Wind,https://test.bcmhunt.com/assets/monstersv1/Wind/Wind_NEW_11.png
Wind,https://test.bcmhunt.com/assets/monstersv1/Wind/100.png
Wind,https://test.bcmhunt.com/assets/monstersv1/Wind/Wind_NEW_5.png
Wind,https://test.bcmhunt.com/assets/monstersv1/Wind/115-wind.png
Wind,https://test.bcmhunt.com/assets/monstersv1/Wind/51-wind.png
Wind,https://test.bcmhunt.com/assets/monstersv1/Wind/87.png
Wind,https://test.bcmhunt.com/assets/monstersv1/Wind/Wind_NEW_13.png
Wind,https://test.bcmhunt.com/assets/monstersv1/Wind/73.png
Wind,https://test.bcmhunt.com/assets/monstersv1/Wind/77.png
Wind,https://test.bcmhunt.com/assets/monstersv1/Wind/Wind_NEW_9.png
Wind,https://test.bcmhunt.com/assets/monstersv1/Wind/42-wind.png
Wind,https://test.bcmhunt.com/assets/monstersv1/Wind/104.png
Wind,https://test.bcmhunt.com/assets/monstersv1/Wind/Wind_NEW_4.png
Wind,https://test.bcmhunt.com/assets/monstersv1/Wind/34.png
Wind,https://test.bcmhunt.com/assets/monstersv1/Wind/208.png
Neutral,https://test.bcmhunt.com/assets/monstersv1/Neutral/60.png
Neutral,https://test.bcmhunt.com/assets/monstersv1/Neutral/83.png
Neutral,https://test.bcmhunt.com/assets/monstersv1/Neutral/Neutral_NEW_1.png
Neutral,https://test.bcmhunt.com/assets/monstersv1/Neutral/4.png
Neutral,https://test.bcmhunt.com/assets/monstersv1/Neutral/141.png
Neutral,https://test.bcmhunt.com/assets/monstersv1/Neutral/24.png
Neutral,https://test.bcmhunt.com/assets/monstersv1/Neutral/128.png
Neutral,https://test.bcmhunt.com/assets/monstersv1/Neutral/115.png
Neutral,https://test.bcmhunt.com/assets/monstersv1/Neutral/7.png
Neutral,https://test.bcmhunt.com/assets/monstersv1/Neutral/206.png
Neutral,https://test.bcmhunt.com/assets/monstersv1/Neutral/88.png
Neutral,https://test.bcmhunt.com/assets/monstersv1/Neutral/135.png
Neutral,https://test.bcmhunt.com/assets/monstersv1/Neutral/186.png
Neutral,https://test.bcmhunt.com/assets/monstersv1/Neutral/95.png
Neutral,https://test.bcmhunt.com/assets/monstersv1/Neutral/33.png
Neutral,https://test.bcmhunt.com/assets/monstersv1/Neutral/66.png
Neutral,https://test.bcmhunt.com/assets/monstersv1/Neutral/175.png
Neutral,https://test.bcmhunt.com/assets/monstersv1/Neutral/57.png
Neutral,https://test.bcmhunt.com/assets/monstersv1/Neutral/130.png
Neutral,https://test.bcmhunt.com/assets/monstersv1/Neutral/11.png
Neutral,https://test.bcmhunt.com/assets/monstersv1/Neutral/27.png
Neutral,https://test.bcmhunt.com/assets/monstersv1/Neutral/108.png
Neutral,https://test.bcmhunt.com/assets/monstersv1/Neutral/118.png
Neutral,https://test.bcmhunt.com/assets/monstersv1/Neutral/160.png
Neutral,https://test.bcmhunt.com/assets/monstersv1/Neutral/38.png
Neutral,https://test.bcmhunt.com/assets/monstersv1/Neutral/131.png
Neutral,https://test.bcmhunt.com/assets/monstersv1/Neutral/122.png
Neutral,https://test.bcmhunt.com/assets/monstersv1/Neutral/28.png
Neutral,https://test.bcmhunt.com/assets/monstersv1/Neutral/198.png
Neutral,https://test.bcmhunt.com/assets/monstersv1/Neutral/3.png
Neutral,https://test.bcmhunt.com/assets/monstersv1/Neutral/184.png
Neutral,https://test.bcmhunt.com/assets/monstersv1/Neutral/116.png
Neutral,https://test.bcmhunt.com/assets/monstersv1/Neutral/102.png
Neutral,https://test.bcmhunt.com/assets/monstersv1/Neutral/1.png
Neutral,https://test.bcmhunt.com/assets/monstersv1/Neutral/10.png
Neutral,https://test.bcmhunt.com/assets/monstersv1/Neutral/67.png
Neutral,https://test.bcmhunt.com/assets/monstersv1/Neutral/22.png
Neutral,https://test.bcmhunt.com/assets/monstersv1/Neutral/201.png
Neutral,https://test.bcmhunt.com/assets/monstersv1/Neutral/202.png
Neutral,https://test.bcmhunt.com/assets/monstersv1/Neutral/5.png
Neutral,https://test.bcmhunt.com/assets/monstersv1/Neutral/36.png
Neutral,https://test.bcmhunt.com/assets/monstersv1/Neutral/65.png
Neutral,https://test.bcmhunt.com/assets/monstersv1/Neutral/17.png
Neutral,https://test.bcmhunt.com/assets/monstersv1/Neutral/180.png
Neutral,https://test.bcmhunt.com/assets/monstersv1/Neutral/133.png
Neutral,https://test.bcmhunt.com/assets/monstersv1/Neutral/64.png
Neutral,https://test.bcmhunt.com/assets/monstersv1/Neutral/74.png
Neutral,https://test.bcmhunt.com/assets/monstersv1/Neutral/196.png
Neutral,https://test.bcmhunt.com/assets/monstersv1/Neutral/98.png
Neutral,https://test.bcmhunt.com/assets/monstersv1/Neutral/46.png
Neutral,https://test.bcmhunt.com/assets/monstersv1/Neutral/61.png
Neutral,https://test.bcmhunt.com/assets/monstersv1/Neutral/200.png
Neutral,https://test.bcmhunt.com/assets/monstersv1/Neutral/137.png
Neutral,https://test.bcmhunt.com/assets/monstersv1/Neutral/20.png
Neutral,https://test.bcmhunt.com/assets/monstersv1/Neutral/188.png
Neutral,https://test.bcmhunt.com/assets/monstersv1/Neutral/111.png
Neutral,https://test.bcmhunt.com/assets/monstersv1/Neutral/194.png
Neutral,https://test.bcmhunt.com/assets/monstersv1/Neutral/75.png
Neutral,https://test.bcmhunt.com/assets/monstersv1/Neutral/29.png
Neutral,https://test.bcmhunt.com/assets/monstersv1/Neutral/203.png
Neutral,https://test.bcmhunt.com/assets/monstersv1/Neutral/193.png
Neutral,https://test.bcmhunt.com/assets/monstersv1/Neutral/Neutral_NEW_2.png
Neutral,https://test.bcmhunt.com/assets/monstersv1/Neutral/52.png
Neutral,https://test.bcmhunt.com/assets/monstersv1/Neutral/199.png
Neutral,https://test.bcmhunt.com/assets/monstersv1/Neutral/91.png
Neutral,https://test.bcmhunt.com/assets/monstersv1/Neutral/93.png
Neutral,https://test.bcmhunt.com/assets/monstersv1/Neutral/112.png
Neutral,https://test.bcmhunt.com/assets/monstersv1/Neutral/80.png
Neutral,https://test.bcmhunt.com/assets/monstersv1/Neutral/12.png
Neutral,https://test.bcmhunt.com/assets/monstersv1/Neutral/25.png
Neutral,https://test.bcmhunt.com/assets/monstersv1/Neutral/153.png
Neutral,https://test.bcmhunt.com/assets/monstersv1/Neutral/190.png
AirDrop,https://test.bcmhunt.com/assets/monstersv1/AirDrop/Monster_AirDropLv2_1.png
AirDrop,https://test.bcmhunt.com/assets/monstersv1/AirDrop/Monster_AirDropLv2_8.png
AirDrop,https://test.bcmhunt.com/assets/monstersv1/AirDrop/Monster_AirDrop_11.png
AirDrop,https://test.bcmhunt.com/assets/monstersv1/AirDrop/Monster_AirDrop_6.png
AirDrop,https://test.bcmhunt.com/assets/monstersv1/AirDrop/Monster_AirDropLv2_3.png
AirDrop,https://test.bcmhunt.com/assets/monstersv1/AirDrop/Monster_AirDropLv2_11.png
AirDrop,https://test.bcmhunt.com/assets/monstersv1/AirDrop/Monster_AirDropLv2_10.png
AirDrop,https://test.bcmhunt.com/assets/monstersv1/AirDrop/Monster_AirDropLv2_6.png
AirDrop,https://test.bcmhunt.com/assets/monstersv1/AirDrop/Monster_AirDrop_4.png
AirDrop,https://test.bcmhunt.com/assets/monstersv1/AirDrop/Monster_AirDropLv2_4.png
AirDrop,https://test.bcmhunt.com/assets/monstersv1/AirDrop/Monster_AirDrop_3.png
AirDrop,https://test.bcmhunt.com/assets/monstersv1/AirDrop/Monster_AirDrop_5.png
AirDrop,https://test.bcmhunt.com/assets/monstersv1/AirDrop/Monster_AirDrop_10.png
AirDrop,https://test.bcmhunt.com/assets/monstersv1/AirDrop/Monster_AirDrop_9.png
AirDrop,https://test.bcmhunt.com/assets/monstersv1/AirDrop/Monster_AirDropLv2_7.png
AirDrop,https://test.bcmhunt.com/assets/monstersv1/AirDrop/Monster_AirDropLv2_9.png
AirDrop,https://test.bcmhunt.com/assets/monstersv1/AirDrop/Monster_AirDropLv2_5.png
AirDrop,https://test.bcmhunt.com/assets/monstersv1/AirDrop/Monster_AirDropLv2_2.png
AirDrop,https://test.bcmhunt.com/assets/monstersv1/AirDrop/Monster_AirDrop_7.png
AirDrop,https://test.bcmhunt.com/assets/monstersv1/AirDrop/Monster_AirDrop_2.png
AirDrop,https://test.bcmhunt.com/assets/monstersv1/AirDrop/Monster_AirDrop_8.png
AirDrop,https://test.bcmhunt.com/assets/monstersv1/AirDrop/Monster_AirDrop_1.png
Ice,https://test.bcmhunt.com/assets/monstersv1/Ice/Ice_NEW_11.png
Ice,https://test.bcmhunt.com/assets/monstersv1/Ice/158.png
Ice,https://test.bcmhunt.com/assets/monstersv1/Ice/137-ice.png
Ice,https://test.bcmhunt.com/assets/monstersv1/Ice/Ice-5.png
Ice,https://test.bcmhunt.com/assets/monstersv1/Ice/Ice-2.png
Ice,https://test.bcmhunt.com/assets/monstersv1/Ice/Ice_NEW_7.png
Ice,https://test.bcmhunt.com/assets/monstersv1/Ice/156.png
Ice,https://test.bcmhunt.com/assets/monstersv1/Ice/159.png
Ice,https://test.bcmhunt.com/assets/monstersv1/Ice/183.png
Ice,https://test.bcmhunt.com/assets/monstersv1/Ice/79-ice.png
Ice,https://test.bcmhunt.com/assets/monstersv1/Ice/Ice_NEW_19.png
Ice,https://test.bcmhunt.com/assets/monstersv1/Ice/115-ice.png
Ice,https://test.bcmhunt.com/assets/monstersv1/Ice/134-ice.png
Ice,https://test.bcmhunt.com/assets/monstersv1/Ice/Ice_NEW_25.png
Ice,https://test.bcmhunt.com/assets/monstersv1/Ice/Ice_NEW_6.png
Ice,https://test.bcmhunt.com/assets/monstersv1/Ice/Ice_NEW_8.png
Ice,https://test.bcmhunt.com/assets/monstersv1/Ice/Ice_NEW_12.png
Ice,https://test.bcmhunt.com/assets/monstersv1/Ice/Ice_NEW_13.png
Ice,https://test.bcmhunt.com/assets/monstersv1/Ice/Ice_NEW_23.png
Ice,https://test.bcmhunt.com/assets/monstersv1/Ice/Ice-3.png
Ice,https://test.bcmhunt.com/assets/monstersv1/Ice/157.png
Ice,https://test.bcmhunt.com/assets/monstersv1/Ice/155.png
Ice,https://test.bcmhunt.com/assets/monstersv1/Ice/Ice_NEW_16.png
Ice,https://test.bcmhunt.com/assets/monstersv1/Ice/172.png
Ice,https://test.bcmhunt.com/assets/monstersv1/Ice/Ice-4.png
Ice,https://test.bcmhunt.com/assets/monstersv1/Ice/Ice-1.png
Ice,https://test.bcmhunt.com/assets/monstersv1/Ice/161.png
Ice,https://test.bcmhunt.com/assets/monstersv1/Ice/164.png
Ice,https://test.bcmhunt.com/assets/monstersv1/Ice/51-ice.png
Ice,https://test.bcmhunt.com/assets/monstersv1/Ice/Ice_NEW_9.png
Ice,https://test.bcmhunt.com/assets/monstersv1/Ice/Ice_NEW_21.png
Ice,https://test.bcmhunt.com/assets/monstersv1/Ice/Ice_NEW_20.png
Ice,https://test.bcmhunt.com/assets/monstersv1/Ice/Ice_NEW_10.png
Ice,https://test.bcmhunt.com/assets/monstersv1/Ice/Ice_NEW_24.png
Ice,https://test.bcmhunt.com/assets/monstersv1/Ice/162.png
Ice,https://test.bcmhunt.com/assets/monstersv1/Ice/Ice_NEW_18.png
Ice,https://test.bcmhunt.com/assets/monstersv1/Ice/Ice_NEW_22.png
Ice,https://test.bcmhunt.com/assets/monstersv1/Ice/165.png
Ice,https://test.bcmhunt.com/assets/monstersv1/Ice/168.png
Ice,https://test.bcmhunt.com/assets/monstersv1/Ice/Ice_NEW_17.png
Ice,https://test.bcmhunt.com/assets/monstersv1/Ice/Ice_NEW_14.png
Ice,https://test.bcmhunt.com/assets/monstersv1/Ice/Ice_NEW_15.png
