s,en,vi,Cn,kor,es,ja
tutorial,tutorial,Hướng dẫn,教程,두도리오,Tutorial,チュートリアル
discord,discord,Discord,不和谐,불화,Discord,不和
help,help,Giúp đỡ,救命,헬프,Ayuda,ヘルプ
oops_500,"Oops, something went wrong!","Oops, có vấn đề",哎呦，出事了！,웁스! 문제가 발생했습니다!,"Ups, algo anduvo mal!",おっと！何かが間違っていた！
oops_500_title,An unexpected error occurred,Trang web gặp vấn đề chưa xác định,发生了一个意料之外的问题,예상치 못한 오류가 발생했습니다,Ha ocurrido un error inesperado,予期しないエラーが発生しました
retry,Retry,Thử lại,重试,재시도,Reintentar,リトライ
home,Home,Trang chủ,首页,홈,Inicio,ホームホーム
cancel,Cancel,Huỷ,取消,취소,Cancelar,キャンセル
confirm,Confirm,Xác nhận,确定,확인,Confirmar,確認
share,Share,Chia sẻ,分享,공유하기,Compartir,シェア
copied,Copied,Đã copy,已复制,복사,Copiado,コピー
copy,Copy,Copy,复制,복사하기,copiar,コピー
oops,Oops!,Oops!,哎呦！,웁스!,Ups!,おっとっと！
oops_notsupported,You are currently not connected to Ethereum Mainnet. Please switch to a supported chain.,Hiện tại chúng tôi chưa được kết nối với Etherum Mainnet. Hãy đổi sang một chuỗi được hỗ trợ khác,我们目前没有连接到以太坊主网。 请更改为另一个受支持的线程,현재 이더리움 메인넷에 연결되어 있지 않습니다. 지원되는 체인으로 전환하십시오.,Actualmente no estamos conectados con la red principal de Ethereum. Por favor cambie su red actual por una compatible con nuestra página,現在、イーサリアムメインネットに接続していません。 サポートされているチェーンに切り替えてください。
oops_intro,Please install a wallet to view the content of this page.,Hãy thêm ví để xem nội dung trang này,请安装钱包以查看此页面的内容。,이 페이지의 내용을 보려면 월렛을 설치하십시오.,Por favor instale una billetera para ver el contenido de esta pagina,このページのコンテンツを表示するには、ウォレットをインストールしてください。
install_walletconnect,Install WalletConnect,Cài WalletConnect,安装,월렛커넥트 설치,Instale WalletConnect,ウォレットコネクトをインストールします
install_metamask,Install MetaMask,Cài MetaMask,安装小狐狸钱包,메타마스크 설치,Instale MetaMask,メタマスクをインストールする
error404_title,Page not found!,Không tìm thấy trang!,页面未找到,페이지를 찾을 수 없습니다!,Pagina no encontrada!,ページが見つかりません！
error404_lead,The page that you are looking for does not exist.,Đường dẫn bạn đang truy cập không tồn tại.,您访问的路径不存在,찾고 있는 페이지가 존재하지 않습니다.,La pagina que esta buscando no existe,お探しのページがありません。
go_back,Go back,Quay lại,,돌아가기,Vuelve atras,戻る
bcmc_faucet,BCMC Faucet,Nhận BCMC,领取BCMC,,Faucet de BCMC,BCMC蛇口
claim_test_coins,Claim test tokens,Nhận test tokens,领取公测代币,테스트 토큰 청구,Reclame los tokens de prueba,テストトークンを要求する
checkout_faucet_guide,Take a look at <linkGuide> our Medium guide </linkGuide> on how to claim {{tokenName}} tokens from the official testnet faucet.,Take a look at <linkGuide> our guide </linkGuide> to understand how to claim other native tokens from their official testnet faucets.,查看 <linkGuide> 我们的指南 </linkGuide> 以了解如何从他们的官方测试网水龙头中声明其他原生代币。,공식 테스트넷 수도꼭지에서 다른 기본 토큰을 청구하는 방법을 이해하려면 <linkGuide> 가이드 </linkGuide>를 살펴보십시오.,Heche un vistazo a nuestra guía para entender como reclamar otros tokens nativos de nuestra faucet de prueba oficial,公式のテストネットの蛇口から{{トークン名}}トークンを要求する方法については、<リンクガイド>中規模ガイド</ リンクガイド>をご覧ください。
claim_bcmc_limit,You can claim a maximum of {{maximumAmount}} BCMC per account.,You can claim a maximum of {{maximumAmount}} BCMC per account every 24 hours.,您每 24 小时最多可以为每个账户申领 {{maximumAmount}} BCMC。,24시간마다 계정당 최대 {{maximumAmount}} BCMC를 청구할 수 있습니다.,Podes reclamar un máximo de {{maximumAmount}}BCMC por cuenta,アカウントごとに最大{{最大金額}} BCMCを請求できます。
bcmc_claim_already,You can only claim testnet BCMC once per account.,You can only claim testnet BCMC once per account.,每个账户只能申领一次测试网 BCMC。,testnet BCMC는 계정당 한 번만 신청할 수 있습니다.,Podes reclamar tokens de prueba BCMC por única vez,テストネット BCMCを請求できるのは、アカウントごとに1回のみです。
claim,Claim,Nhận,领取,청구하기,Reclamar,請求
claim_success_lead,You have successfully claimed Test BCMC. Please check out the transaction below.,Bạn đã nhận thành công Test BCMC. Vui lòng kiểm tra giao dịch dưới đây.,您已成功接受 BCMC 测试。 请查看下面的交易。,BCMC 테스트를 성공적으로 받았습니다.  아래 거래내역을 확인해주세요.,Haz reclamado los tokens de BCMC de prueba con exito. Por favor revisa los resultados de la transacción abajo,テストBCMCを正常に要求しました。 以下の取引をチェックアウトしてください。
claim_pending_txn_lead,You have a pending transaction to claim Test BCMC. Please wait for it to finish before proceeding.,Bạn có một giao dịch BCMC đang chờ kết quả. Vui lòng chờ giao dịch này hoàn thành trước.,您有一个 BCMC 交易未决结果。 请先等待此交易完成。,BCMC 트랜잭션 보류 결과가 있습니다.  이 거래가 먼저 완료될 때까지 기다리십시오.,"Tenes una transacción pendiente para reclamar los tokens de prueba BCMC. Por favor, espera a que esta transacción pendiente finalize",テストBCMCを請求するための保留中のトランザクションがあります。 最初に終了するまでお待ちください。
transaction_hash,Transaction Hash,Transaction hash,,트랜잭션 해쉬,Hash de transacción,トランザクションハッシュ
back_to_home,Back to Home,Quay lại Trang chủ,返回首页,홈으로 가기,De vuelta a casa,ホームに戻る
make_another_transaction,Make Another Transaction,Thực hiện giao dịch khác,,다른 거래를 하십시오,Hacer otra transacción,別のトランザクションを作成する
filter,Filter,Bộ lọc,筛选,필터,Filtro,フィルター
type_of_monster,Type of Monster,Hệ Quái vật,,몬스티의 종류,Tipo de monstruo,モンスターの種類
rarity,Rarity,Độ hiếm,稀有度,레리티,Rareza,レアリティ
rarity_plural,Rarities,Độ hiếm,稀有度,레리티,Rarezas,レアリティ
reset,Reset,Reset,重置,초기화,Resetear,リセット
apply,Apply,Áp dụng,使用,적용하기,Aplicar,申し込み
sort,Sort,Sắp xếp,分类,분류하기,Clasificar,ソート
genus,Genus,Genus,属,제너스,Genérico,属
monster_type,Monster type,Hệ Quái vật,怪物类型,몬스티의 종류,Tipo de monstruo,モンスタータイプ
hide_types,Hide types,Đóng,隐藏类型,숨기기 유형,Ocultar tipos,タイプを非表示
hide_chains,Hide chains,Đóng,,,Ocultar reds,
show_all,Show all,Hiện tất cả,显示所有,모두 표시,Mostrar todos,すべて表示する
hide_rarities,Hide rarities,Đóng,隐藏稀有度,레리티 숨기기,Ocultar rarezas,希少性を隠す
apply_filte,Apply Filter,Áp dụng bộ lọc,应用筛选,필터 적용하기,Aplicar filtro,フィルタを適用する
portfolio_h1,Portfolio,Danh mục quái,公文包,포트폴리오,Portafolio,ポートフォリオ
marketplace_h1,Marketplace,Chợ,市场,마켓플레이스,mercado,マーケットプレイス
encyclopedia,Encyclopedia,Bách khoa,大英百科全书,백과사전,Enciclopedia,百科事典
portfolio_intro,Manage your Monsters here.,Quản lý danh mục quái vật của bạn,在这里管理你的怪物。,여기에서 몬스터를 관리하십시오,Administra tus monstruos acá,ここでモンスターを管理します。
buy_now_intro,Buy or sell Monsters here.,Mua hoặc bán Quái vật,买卖怪物,여기에서 몬스터를 사고팔 수 있습니다,Compra o vende monstruos acá,ここでモンスターを売買します。
encyclopedia_intro,All monsters,Toàn bộ Quái vật,所有怪物,모든 몬스타,Todos los monstruos,すべてのモンスター
metaverse,Multiverse,Đa vũ trụ,,메타버스,Multiverso,マルチバース
portfolio,Portfolio,Danh mục,公文包,포트폴리오,Portafolio,ポートフォリオ
marketplace,Marketplace,Chợ,市场,마켓플레이스,Mercado,マーケットプレイス
bridge,Bridge,Bridge,桥,브리지,Puente,ブリッジ
staking,Staking,Staking,质押,스테이킹,Staking,ステーキング
vip_tier,VIP Tier,Hạng VIP,VIP,VIP티어,Nivel de Rango,VIP層
faucet,Faucet,Faucet,龙头,스테이킹,Faucet de BCMC,蛇口
leaderboard_heading,Leaderboard,Bảng rank,排行榜,리더보드,Clasificacion,リーダーボード
player,Player,Người chơi,玩家,플레이여,Jugador,プレーヤー
monster,Monster,Quái vật,怪物,몬스타,Monstruo,モンスター
monster_plural,Monsters,Quái vật,怪物,몬스타,Monstruos,モンスター
energy_title,Energy Swap,Đổi Energy,能量交换,에너지 교환,Conversion de energia,エネルギースワップ
energy_lead,Convert your Energy to BCMC or vice-versa,Đổi Energy qua BCMC và ngược lại,将能量转换为 BCMC，反之亦然,에너지를 BCMC로 또는 그 반대로 변환,Convierte tu Energia en BCMC o viceversa,エネルギーをBCMCに、またはその逆に変換します。
swap,,Swap,交换,교환,Convertir,交換
history,History,Lịch sử,历史,역사,Historial,履歴
universe_title,Blockchain Multiverse,Blockchain Multiverse,区块链多元宇宙,블록체인 메타버스,Multiverso del Blockchain,ブロックチェーンマルチバース
universe_lead,Select Monsters and battle against players around the world to earn exciting rewards.,"Chọn đội quái vật, chiến đấu với người chơi toàn thế giới và kiếm những phần thưởng hấp dẫn.",选择一队怪物，与来自世界各地的玩家战斗，并获得令人兴奋的奖励。,몬스터를 선택하고 전 세계의 플레이어와 전투하여 흥미진진한 보상을 받으십시오,Selecciona tus monstruos y batalla contra otros jugadores alrededor del mundo para obtener jugosas recompensas,モンスターを選択し、世界中のプレイヤーと戦い、エキサイティングな報酬を獲得してください。
how_to_play,How to Play,Cách chơi,游戏规则,하우두플레이,Como jugar,遊び方
info,Info,Thông tin,信息,정부,Información,情報
buy_monster,Buy Monster,Mua quái vật,购买鬼屋,몬스타 구매하기,Comprar monstruo,モンスターを買う
sold,Sold,Đã bán,已卖,판매 된,Vender,販売済み
bought_by,Bought by,Được mua bởi,购买者,구입자,Comprado por,購入者
seller,Seller,Người bán,卖房,판매자,Vendedor,売り手
expires_in,Expires in,Hết hạn vào,过期日期,만료,Expira en,有効期限
other_people_buying,<boldWord>Warning:</boldWord> {{pendingBuyCount}} other people are trying to buy this item,<boldWord> Cảnh báo: </boldWord> {{pendingBuyCount}} người khác đang cố mua mặt hàng này,<boldWord>警告：</boldWord> {{pendingBuyCount}} 其他人正在尝试购买此商品,<boldWord>경고:</boldWord> {{pendingBuyCount}}명의 다른 사람들이 이 항목을 구매하려고 합니다.,<boldWord>Warning:</boldWord> {{pendingBuyCount}}  Otras personas estan intentando comprar este item,<boldWord>警告：</ boldWord> {{pendingBuyCount}}他の人がこのアイテムを購入しようとしています
get_bcmc,Get BCMC,Nhận BCMC,获取 BCMC,BCMC 받기,Obtene BCMC,BCMCを入手
pending,Pending,Đang xử lý,在等待,보류 중,Pendiente,保留中
buy_now,Buy Now,Mua ngay,立买,바로 구매,Comprar ahora,今すぐ購入
sell_monster,Sell Monster,Bán,卖怪物,몬스타 판매,Vender monstruo,モンスターを売る
lvl,LV,Level,等级,레벨,Nivel de Rango,LV
please_check_price_carefully,Please check the price carefully before confirmation.,Vui lòng kiểm tra giá cẩn thận trước khi bán.,确认前请仔细核对价格。,확인하기 전에 가격을 잘 확인하십시오.,Por favor checkea el precio atentamente antes de confirmar,確認前に価格をよくご確認ください。
general_info,General Info,Thông tin chung,基本信息,일반정보,Información general,一般的な情報
on_sale,On Sale,Đang bán,出售,온 세일,En venta,発売中
sell,Sell,Bán,卖,판매,Vender,売る
submit,Submit,Đăng,提交,체출,Entregado,送信
transfer_monster,Transfer Monster,Chuyển quái,转移怪物,트랜스퍼 몬스터,Transferir monstruo,トランスファーモンスター
remove_listing,Remove listing,Xoá,删除列表,목록 삭제,Remover de la lista,リストを削除する
catch,Catch,Bắt,抓住,잡기,Atrapar,キャッチ
battle,Battle,Đánh,战斗,베틀,Batalla,戦い
buy,Buy,Mua,买,구매하기,Comprar,買う
portal,Bridge,Bridge,桥,브리지,Puente,橋
unknown,Unknown,Không rõ,未知,알려지지 않음,Desconocido,不明
failed,Failed,Thất bại,失败,실패,Fallido,失敗した
win,Win,Thắng,赢,승리,Ganar,勝つ
loss,Lose,Thua,失去,패배,Perder,負ける
success,Success,Thành công,成功,성공,Éxito,成功
ported_out,Ported Out,Đã chuyển ra,搬出去,포트 아웃,Salida del puerto,移植
received,Received,Đã nhận,已收到,받음,Recibido,受け取った
sent,Sent,Đã gửi,发送,보냄,Enviado,送信済
menu,Menu,Menu,菜单,메뉴,Menu,メニュー
settings,Settings,Cài đặt,环境,설정,Configuracion,設定
tier_only,Tiers,hạng,班级,티어,Rangos,ティア
leader_board,Leaderboard,Bảng xếp hạng,图表,리더보드,Clasificacion,リーダーボード
players,Players,Người chơi,玩家,플레이여,Jugadores,プレイヤー
monsters,Monsters,Quái vật,怪物,몬스타,Monstruos,モンスター
search,Search,Tìm,寻找,찾기,Buscar,検索
set_price,Set Price,Đặt giá,定价,가격설정,Fijar precio,設定価格
enter_price,Enter Price,Điền giá,填写价格,가격 입력,Ingrese el precio,価格を入力してください
using_agree_tos,By using this feature you agree with our <linkTOS> Terms of Sale </linkTOS>,By using this feature you agree with our <linkTOS> Terms of Sales </linkTOS>,By using this feature you agree with our <linkTOS> Terms of Sales </linkTOS>,이 기능을 사용하면 <linkTOS> 판매 약관 </linkTOS> 에 동의하는 것입니다.,By using this feature you agree with our <linkTOS> Terms of Sales </linkTOS>,この機能を使用することにより、<linkTOS>販売条件</ linkTOS>に同意したことになります
set_expiry,Set Expiration,Đặt thời hạn,设定最后期限,만료 설정,,有効期限を設定する
select_option,Select Option,Chọn mục,选择物品,옵션 선택,Seleccionar opción,オプションを選択
please_select_an_option,Please select an option.,Hãy chọn một mục,请选择一个项目,옵션 하나 선택해 주십시오,Por favor seleccione una opción,オプションを選択してください。
estimated_fee,Estimated Fee,Phí ước tính,估计费用,예상 수수로,Comision estimada,推定料金
you_will_received,You will receive,Bạn sẽ nhận được,你会得到,당신은 받을 것이다,Usted recibirá,あなたが受け取る
transaction_history,Transaction History,Lịch sử giao dịch,交易记录,거래 역사,Historial de transaccion,取引履歴
quick_tip,Quick Tip,Mẹo nhanh,小建议,빠른 팁,Consejo rapido,簡単なヒント
quick_tip_info,"There are two (2) main factors that affect the price of your Monster: Rarity and Level. Please note that should you aim to sell it quickly, it's better to not set the price too high.","Có hai (2) điều chính ảnh hưởng đến giá Quái vật của bạn: Độ hiếm và Cấp độ. Xin lưu ý rằng nếu bạn muốn bán nó nhanh chóng, tốt hơn hết là đừng đặt giá quá cao.",影响怪物价格的主要因素有两个，稀有度和等级，注意如果你想快速卖出，最好不要出价太高。,몬스터의 가격에 영향을 미치는 두 가지 주요 요소가 있습니다: 희귀도와 레벨. 빠른 매도를 목표로 한다면 가격을 너무 높게 설정하지 않는 것이 좋습니다.,Hay dos factores (2) que afectan el precio del monstruo: su tipo de rareza y nivel. Por favor tome nota de que debe apuntar a venderlo rápido para no fijar el precio tan alto,モンスターの価格に影響を与える主なものは、レア度とレベルの2つです。 早く売ろうと思ったら、値段を高く設定しすぎない方がいいので注意してください。
idle,Idle,rảnh tay / nhàn rỗi,免提,이상,Inactivo,アイドル
in_multiverse,In Multiverse,trong multiverse,在多元宇宙中,메타버스에 있습니다,En el multiverso,多元宇宙で
pending_exit,Pending Exit,Chờ thoát,等待退出,보류 종료,Salida pendiente,保留中の終了
pending_confirmation,Pending Confirmation,Chờ xác nhận,等待确认,보류 확인,Confirmación pendiente,保留中の確認
status,,trạng thái,地位,상태,estado,状況
connect_wallet,Connect Wallet,kết nối ví,连接钱包,월렛 연결,Conectá tu billetera,ウォレットを接続する
select_chain,Select Chain,Chọn chuỗi,选择字符串,체인 선택,Seleccionar red,チェーンを選択
select_theme,Select Theme,Chọn chủ đề,选择主题,테마 선택,Seleccionar tema,テーマを選択
select_language,Select Language,Chọn ngôn ngữ,选择语言,언어 선택,Seleccionar idioma,言語を選択する
updated_successfully,Updated Successfully!,Cập nhật thành công,更新成功,업데이트 성공,Actualización exitosa!,更新成功！
7_days,7 days,7 ngày,7天,7일,7 días,7日
earnings,Earnings,Thu nhập,收益,언닝스,Ganancias,収益
30_days,1 month,1 tháng,一月,1달,1 mes,1ヶ月
365_days,1 year,1 năm,一年,1년,1 año,1年
battles,Battles,Trận đấu,战斗,베틀,Batallas,バトル
battle_noun,Battle,Trận đấu,战斗,베틀,Batalla,バトル
battle_noun_plural,Battles,Trận đấu,战斗,베틀,Batallas,バトル
token_overview,My BCMC,BCMC của tôi,我的BCMC,나의 BCMC,Mis BCMC,私のBCMC
total_holding,Holding balance,Số dư hiện có,持有余额,잔액 보유,Balance,残高の保持
you_are_here,You Are Here,Bạn đang ở đây,你正在这,당신은 여기 있습니다,Usted está acá,あなたはここにいる
transfer,Transfer,Chuyển,转移,거래,Transferir,移行
amount,Amount,Lượng,数量,수량,Monto,額
source,Source,Nguồn,来源,원천,Fuente,ソース
transfer_description,Please ensure the correct <span>{{etherium}}</span> wallet address is used. Any loss incurred by the usage of incorrect crypto wallets is permanent. BCMH will not be held liable for any losses.,,请确保使用正确的 <span>{{ethereum}}</span> 钱包地址。 使用不正确的加密钱包所造成的任何损失都是永久性的。 BCMH不对任何损失承担责任。,올바른 <span>{{etherium}}</span> 지갑 주소가 사용되었는지 확인하세요. 잘못된 암호화폐 지갑 사용으로 인한 손실은 영구적입니다. BCMH는 손실에 대해 책임을 지지 않습니다.,Asegúrese de utilizar una dirección de billetera de <span> {{ethereum}} </span>. Cualquier pérdida debido a una billetera criptográfica incorrecta es permanente y no seremos responsables por ello.,正しい<span> {{etherium}} </ span>ウォレットアドレスが使用されていることを確認してください。 誤った暗号ウォレットの使用によって発生した損失は永続的です。 BCMHはいかなる損失に対しても責任を負いません。
to,To,Đến,至,에,Objetivo,宛先
enter_wallet_address,Enter Wallet Address,Điền địa chỉ ví,输入钱包地址,월렛 주소 입력,Ingrese la dirección de la billetera,ウォレットアドレスを入力してください
caught,Caught,Đã bắt,抓住,잡힘,Atrapado,つかまった
details,Details,Chi tiết,细节,세부 사항,Detalles,詳細
avg_seen_time,Avg. Seen Time,Thời gian xuất hiện trung bình,平均出场时间,평균 본 시간,Promedio del tiempo visto,平均 見た時間
battle_stats_range,Battle Stats Range,Phạm vi chỉ số chiến đấu,战斗统计范围,전투 통계 범위,Alcance de estadísticas de batalla,戦闘統計範囲
gemesis_monster,Genesis monster,Quái Genesis (Quái tổ tiên),创世怪物,제네시스 몬스타,Monstruo genético,ジェネシスモンスター
gemesis_monsters,Genesis monsters,Quái Genesis (Quái tổ tiên),创世怪物,제네시스 몬스타,Monstruos genético,ジェネシスモンスター
gemesis_monster_lead,Caption abount genesis monster,Chú thích về Quái Genesis,关于创世怪物的说明文字,제네시스 몬스타에 대한 설명,Cantidad de subtitulos en el monstruo genético,創世記モンスターのキャプション
search_result,Search result,Kết quả tìm kiếm,搜索结果,검색 결과,Resultados de búsqueda,検索結果
types,Types,Loại,类型,종류,Tipos,タイプ
types_lead,Caption what are types,Chú thích về loại,说明什么是类型,캡션 유형이란,Tipos de lider,キャプションタイプとは
wild_monster,Wild monster,Quái Wild (Quái hoang),野生怪物,야생 몬스타,Monstruo salvaje,野生の怪物
wild_monsters,Wild monsters,Quái Wild (Quái hoang),野生怪物,야생 몬스타,Monstruos salvaje,野生の怪物
wild_monster_lead,Caption about wild monster,Chú thích về Quái Wild,关于野怪的文字说明,야생 몬스타에 대한 설명,Cantidad de subtitulo en monstruo salvaje,キャプションは野生の怪物をあふれさせる
bcmh_to_energy_title,Please input the amount you want to convert,Điền lượng bạn muốn chuyển đổi,请输入您要兑换的金额,변환할 금액을 입력하십시오,Por favor ingrese la cantidad que quiera convertir,換算したい金額を入力してください
energy,,năng lượng,能量,에너지,Energia,
bcmh_to_energy_mention,Convert BCMC to Energy for immediate in-game usage,Chuyển đổi BCMC thành năng lượng cho các hoạt động trong game,将 BCMC 转换为 能量 以立即在游戏中使用,즉각적인 게임 내 사용을 위해 BCMC를 에너지로 변환,Convierte tus BCMC en Energia de forma inmediata para uso del juego,BCMCをエネルギーに変換して、ゲーム内ですぐに使用できるようにします
base_rate,Base rate,Tỉ lệ gốc,基准利率,기본료,Tasa básica,基準率
bcmh_to_energy_locking_period,Select a locking period to determine how much BCMC you will receive,Chọn chu kỳ khóa để xem lượng BCMC sẽ nhận được,选择锁定期以确定您将收到多少 BCMC,잠금 기간을 선택하여 얼마나 많은 BCMC를 받을지 결정하십시오.,Seleccione un período de bloqueo para determinar cuánto BCMC recibirá,ロック期間を選択して、受け取るBCMCの量を決定します
claimable,,Có thể nhận được,可以领取,청구 가능,Por reclamar,請求可能
locked,LOCKED,ĐÃ KHÓA,已锁,잠김,BLOQUEADA,ロック済み
claimable_on,Claimable on,Có thể nhận trên,可索赔,에 접수 가능,Reclamable en,請求可能日
no_transaction_yet,No transaction yet,Chưa có giao dịch nào.,还没有交易,거래 없음,No hay ninguna transacción todavia,まだ取引はありません
energy_intro,Please input the amount you want to convert.,Điền lượng bạn muốn chuyển đổi,请输入您要兑换的金额。,변환하고자 하는 금액을 입력해 주십시오,Por favor seleccione la cantidad que quiere convertir,換算したい金額を入力してください。
i_want_to_convert,I want to convert,Tôi muốn đổi,我想转换,제가 변환하고 싶습니다,Quiero convertir,変換したい
max,Max,Tối đa,最大限度,max,Máximo,マックス
energy_estimate,Estimated to receive,Ước tính sẽ nhận,预计收到,받을 예정,Energia a recibir estimada,受け取る見積もり
convert,Convert,Chuyển đổi,转换,전환,Convertir,変換
all,,Tất cả,一切,모두,Todo,
pending_txn_title,Pending Transaction,Giao dịch đang diễn ra,待处理交易,보류 중인 거래,Transaccion pendiente,保留中のトランザクション
energy_success_lead,Your energy has been successfully converted! Please wait for the funds to be reflected in your account.,Bạn đã chuyển năng lượng thành công. Hãy đợi số liệu hiển thị trên tài khoản,您的能量已成功转换！ 请等待资金反映在您的帐户中。,에너지가 성공적으로 변환되었습니다! 자금이 계정에 반영될 때까지 기다리십시오.,"Tu energia ha sido convertida de forma exitosa. Por favor, espete a que los fondos se reflejen en su cuenta",あなたのエネルギーはうまく変換されました！ 資金がアカウントに反映されるまでお待ちください。
enery_pending_txn_lead,You have a pending transaction to convert Energy. Please wait for it to finish before making another.,Bạn đang có một giao dịch chuyển đổi năng lượng đang diễn ra. Vui lòng chờ cho đến khi hoàn thành để thực hiện tiếp một giao dịch khác,您有一个待处理的交易来转换能源。 请先等待它完成，然后再制作另一个。,에너지 전환을 위해 보류 중인 거래가 있습니다. 다른 것을 만들기 전에 먼저 완료될 때까지 기다려 주세요.,"Usted tiene una transaccion pendiente de energia a convertir. Por favor, espere a que esta finalize primero antes de realizar una nueva transacción",エネルギーを変換するための保留中のトランザクションがあります。 最初に終了するのを待ってから、別のものを作成してください。
open_beta,Testnet,Testnet,测试网,테스트넷,Red de prueba,テストネット
open_beta_intro,You are playing the pre-release version of the game. Please report any bugs/feedback to us via,Bạn đang chơi bản thử nghiệm của trò chơi.Vui lòng báo cáo lại các lỗi thông qua,您正在玩游戏的预发布版本。 请通过以下方式向我们报告任何错误/反馈,당신은 게임의 시험판 버전을 플레이하고 있습니다. 다음을 통해 버그/피드백을 보고해 주십시오.,Usted esta jugando la version beta del juego. Por favor reporte cualquier bug/comentario a nosotros via,ゲームのプレリリースバージョンをプレイしています。 バグ/フィードバックを介して私たちに報告してください
session,Session,Phiên,会议,세션,Sesión,セッション
performance,Performance,Hiệu suất hoạt động,表现,성능,Performance,パフォーマンス
payments,,Khoản chi,payments,지불,Pagos,支払
guild,,Bang hội,公会,동업 조합,Clan,
enter_password,Please enter your password to login,XIn hãy nhập mật khẩu để đăng nhập,请输入您的密码登录,비밀번호를 입력해 주십시오,Por favor ingrese su contraseña para iniciar sesión,ログインするにはパスワードを入力してください
login,,đăng nhập,登录,로그인,Iniciar sesión,
no,No,Không,不,NO,No hay ninguna transacción todavia,番号
paid_on,Paid on,trả trên,已付款,지불,Pagado en,支払い済み
chain,,chuỗi,链,체인,Red de prueba,
action,,Hoạt động,行动,액션,Acción,
total_earnings,Total earnings,tổng thu nhập,总收入,전체 수익,Ganancias totales,総収入
wins,Wins,Số trận thắng,获胜,승리,Victorias,勝つ
losses,,Số trận thua,输,패배의 수,Derrotas,
joined,Joined,Đã tham gia,已加入,가입,Unido,参加しました
ago,,trước,前,~ 전에,atrás,
battle_overview,Battle Overview,tổng quan trận đấu,战斗概览,베틀 개요,Información general de batalla,バトルの概要
session_id,Session ID,mã phiên,会议 ID,세션 아이디,ID de sesión,セッションID
energy_brought,Initial Energy,Năng lượng ban đầu,初始能量,초기 에너지,Energia inicial,初期エネルギー
fee,Fee,Phí,费,회비,Comision estimada,手数料
rewards,Rewards,Phần thưởng,奖励,보상,Recompensas,報酬
current_energy,Current Energy,Năng lượng hiện tại,当前能量,현재 에너지,Energia actual,現在のエネルギー
your_monsters,Your monsters,Những quái thú của bạn,你的怪物,당신의 몬스타,Tus monstruos,あなたのモンスター
rip,R.I.P,R.I.P,R.I.P,R.I.P,R.I.P,RIP
exp,EXP,Kinh nghiệm,经验,EXP,Experiencia,EXP
bag,Bag,Túi đồ,包,백,Mochila,バッグ
need_unlock,Need to unlock,Cần mở khóa,需要解锁,잠금 해제 필요,Necesita desbloquear,ロックを解除する必要があります
open_on_mobile,Open on mobile,Trên thiết bị di động,在手机上打开,모바일에서 열기,Abierto en celular,モバイルで開く
open_on_mobile_lead,Scan with your phone's camera or QR code app to view,Quét mã bằng điện máy ảnh của điện thoại hoặc ứng dụng quét mã QR để thấy,使用手机的相机或二维码应用程序扫描以查看,휴대폰 카메라 또는 QR 코드 앱으로 스캔하여 볼 수 있습니다.,Escanea con la cámara de tu celular o con tu aplicación de código de QR para ver,スマートフォンのカメラまたはQRコードアプリでスキャンして表示します
mobile,Mobile,di động,手机,모바일에서 열기,Celular,モバイル
continue,Continue,tiếp tục,继续,모바일,Continuar,継続する
no_session_message_guild_member,You don't have any active sessions assigned. Please contact your guild owner to create a session for you.,Bạn không có phiên hoạt động nào được giao. Hãy liên hệ bang chủ để tạo phiên cho bạn,您没有分配任何活动会话。 请联系您的公会所有者为您创建会话。,할당된 활성 세션이 없습니다. 세션을 생성하려면 길드 소유자에게 문의하세요.,"No tenes ninguna sesion activa asignada. Por favor, contacta al dueño del clan para que te cree una sesion para vos.",アクティブなセッションが割り当てられていません。 ギルドの所有者に連絡して、セッションを作成してください。
monster_statistics,Monster Statistics,chỉ số quái,怪物统计,몬스타 통계,Estadísticas de los monstruos,モンスター統計
leaderboard_title,Global Ranking,bảng xếp hạng,全球排名,글로벌 랭킹,Ranking global,グローバルランキング
species,Species,loài,种类,종류,Especies,種族
player_statistics,Player Statistics,Chỉ số người chơi,玩家统计,플레이여 통계,Estadísticas de los jugadores,プレイヤー統計
leaderboard_hunters,Best Hunters,Thợ săn xuất sắc nhất,最佳猎人,베스트 헌터,Mejores cazadores,最高のハンター
leaderboard_trainners,Best Trainers,Huấn luyện viên xuất sắc nhất,最佳教练员,베스트 트레인너,Mejores entrenadores,最高のトレーナー
leaderboard_collectors,Best Collectors,Nhà thu thập giỏi nhất,最佳收藏家,베스트 콜랙터,Mejores recolectores,最高のコレクター
leaderboard_sellers,Best Sellers,Người bán hàng hạng nhất,最畅销,베스트 세일러,Mejores vendedores,ベストセラー
last,Last,Tồn tại,最后的,최근,Último,最後
days,Days,Ngày,天,일,Días,日
all_time,All Time,Toàn thời gian,整天,올 티임,Todo el tiempo,いつも
total_volume,Total Volume,Tổng số lượng,总容积,도달 볼륨,Volumen total,全容積
biggest_sale,Biggest Sale,Giao dịch lớn nhất,最大的销售,최대 세일,Mayor venta,最大のセール
nft_sold,Item Sold,Vật phẩm đã bán,出售物品,판매된 아이템,Item vendidos,販売アイテム
nft_sold_plural,Items Sold,Vật phẩm đã bán,出售物品,판매된 아이템,Items vendidos,販売アイテム
trader,Trader,Người giao dịch,交易员,상인,Comerciante,トレーダー
trader_plural,Traders,Người giao dịch,交易员,상인,Comerciantes,トレーダー
for_sale,For Sale,Đang treo bán,出售,포 세일,En venta,販売中
recently_sold,Recently Sold,Mới vừa được bán,最近售出,최근에 판매,Recientemente vendido,最近販売
sale_history,Sale History,Lịch sử giao dịch,Sale History,판매 내역,Historial de ventas,販売履歴
bought_history,Purchase History,Lịch sử mua,购买历史,구매 내역,Historial de compra,購入履歴
results,,kết quả,结果,결과,Resultados de búsqueda,
monster_owned_you,You own this monster,Bạn đang sở hữu quái vật này,这个怪物归你所有。,이 몬스타가 당신의 소유입니다,Este monstruo es propiedad tuya,このモンスターはあなたが所有しています。
bought,Bought,Đã mua,已买,구매함,Comprado,買った
level,Level,Cấp độ,等级,레벨,Nivel,レベル
perfection,Perfection,Độ hoàn hảo,完美率,완벽함,Perfección,完璧
sold_by,Sold By,Bán bởi,所售,판매자,Vendido por,販売元
just_bought,Just Bought,Mới vừa mua,刚买,최근 구매함,Recien comprado,買ったばかり
view,View,xem,视图,뷰,Vista,閲覧
no_result,"Sorry, no result found",Không tìm thấy kết quả,抱歉，没有找到结果,결과가 없습니다,"Disculpa, no encontramos ningun resultado",申し訳ありませんが、結果が見つかりません
no_result_lead,Please try adjusting your search or filter criteria,Xin hãy thay đổi tìm kiếm của bạn hoặc bộ lọc tiêu chuẩn của bạn,请尝试调整您的搜索或过滤条件,검색 또는 필터 기준을 조정해 보십시오.,"Por favor, ajusta el filtro de búsqueda o el criterio",検索またはフィルター条件を調整してみてください
block,Block,Chặn,拉黑,블록체인 메타버스,BLOQUEADA,ブロック
choose_monster,Choose a Monster,Chọn quái vật,选择怪物,몬스타를 고르십시오,Elegi un monstruo,モンスターを選ぶ
too_high_level,Your Monster level is too high for this battle. Max level gap allowed:,"Quái vật của bạn có cấp độ quá cao, vượt quá giới hạn khiêu chiến",你的怪物等级太高，不适合这场战斗。 允许的最大水平间隙,이 전투에서는 몬스터 레벨이 너무 높습니다. 허용되는 최대 레벨 간격:,Tu nivel de monstruo es demasiado alto para esta batalla. Máximo nivel permitido:,あなたのモンスターレベルはこの戦いには高すぎます。 許容される最大レベルギャップ：
start_battle,Battle Overview,,战斗概览,베틀 개요,Información general de batalla,バトルの概要
attack,Attack,Tấn công,攻击,공격,Ataque,攻撃
defense,Defense,Phòng thủ,防御,방어,Defensa,防衛
health,Health,Máu,健康,건강,Saludo,健康
special_attack,Sp. Atk,Đòn đánh đặc biệt,特殊攻击,특수 공격,Ataque especial,Sp。 アタック
special_defense,Sp. Def,Phòng thủ đòn đánh đặc biệt,特殊防御,특수 방어,Defensa especial,Sp。 防衛
speed,Speed,Tốc độ,速度,속도,Velocidad,スピード
kill_rate,Kill rate,Tỉ lệ giết,杀戮率,킬율,Tasa de muerte,キル率
kill_rate_info,"If a player's monster loses in battle, it may be killed (the player loses ownership of the NFT). The “Kill Rate” is the chance your monster will be killed in the battle.","Nếu một quái vật chết trong trận chiến, chúng có khả năng chết ( Bạn sẽ mất quyền sỡ hữu NFT đó). Tỉ lệ tử vong là tỉ lệ quái vật của bạn sẽ chết nếu thua trận",如果玩家的怪物在战斗中失败，它可能会被杀死（玩家失去 NFT 的所有权）。 “杀戮率”是你的怪物在战斗中被杀死的机会。,"플레이어의 몬스터가 전투에서 지면 죽을 수 있습니다(플레이어는 NFT의 소유권을 잃음). ""Killing Rate""는 전투에서 몬스터가 죽을 확률입니다.","Si un monstruo pierde la batalla (el jugador puede perder este NFT) La ""tasa de muerte"" es la posibilidad de tu monstruo a ser asesinado en batalla",プレイヤーのモンスターが戦闘で負けた場合、そのモンスターは殺される可能性があります（プレイヤーはNFTの所有権を失います）。 「殺害率」は、戦闘でモンスターが殺されるチャンスです。
insurance,Insurance,Bảo hiểm,保险,보험,Seguro,保険
back,Back,Quay lại,后退,돌아가기,Volver,戻る
begin,Begin,Bắt đầu,开始,시작하기,Comienzo,始める
maintenance_title,System under Maintenance,Hệ thống đang được bảo trì,系统维护中,유지 관리 중인 시스템,Sistema bajo mantenimiento,メンテナンス中のシステム
thank_you_joining_beta_access,Thank you for joining our Closed Beta program. Please agree with the conditions below.,Cảm ơn bạn vì đã tham gia chương trình Beta của chúng mình. Xin hãy đồng ý những điều kiện ở dưới,感谢您加入我们的封闭测试计划。 请同意我们的以下条件。,클로즈 베타 프로그램에 참여해주셔서 감사합니다. 아래의 조건에 동의해 주십시오.,"Muchas gracias por ingresar a nuestro programa de beta cerrado. Por favor, acepta a nuestros términos y condiciones abajo",クローズドベータプログラムにご参加いただきありがとうございます。以下の条件に同意してください。
the_hunt_is_on,The Hunt is ON!,Hãy bắt đầu chuyến săn,狩猎开启！,더헌트가 시작되었습니다!,La caza ha comenzado,ハントがオンになっています！
maintenance_game,Our system is under maintenance and the game will be unavailable during this time.,Hệ thống đang được bảo trì và trò chơi sẽ tạm thời không thể truy cập được trong thời gian này,我们的系统正在维护中，在此期间游戏将不可用。,우리 시스템은 점검 중이며 이 시간 동안 게임을 사용할 수 없습니다.,Nuestro sistema se encuentra bajo mantenimiento y el juego estara deshabilitado durante este periodo,システムはメンテナンス中であり、この期間中はゲームを利用できなくなります。
check_social_update,Please hang on tight and check out our social channels for more updates.,Xin hãy đợi và theo dõi các thông báo trên các kênh xã hội để cập nhật tin tức mới nhất.,请紧紧抓住并查看我们的社交渠道以获取更多更新。,잠시만 기다려주시고 더 많은 업데이트를 위해 소셜 채널을 확인해 주십시오,Por favor agarrate fuerte y estate atento a nuestras redes sociales para mas novedades,しばらくお待ちください。最新情報については、ソーシャルチャネルをご覧ください。
beta_open_metamask,"Please <metamaskDownload> install MetaMask </metamaskDownload> extension or access this page from <metamaskMobile> MetaMask mobile wallet </metamaskMobile>. Once installed, follow the popup instructions to login.","Vui lòng <metamaskDownload> cài đặt tiện ích mở rộng MetaMask </metamaskDownload> hoặc truy cập trang này từ <metamaskMobile> ví di động MetaMask </metamaskMobile>.  Sau khi cài đặt, hãy làm theo hướng dẫn để đăng nhập.",请 <metamaskDownload> 安装 MetaMask </metamaskDownload> 扩展或从 <metamaskMobile> MetaMask 移动钱包 </metamaskMobile> 访问此页面。 安装后，按照弹出说明登录。,<metamaskDownload> MetaMask </metamaskDownload> 확장 프로그램을 설치하거나 <metamaskMobile> MetaMask 모바일 지갑 </metamaskMobile>에서 이 페이지에 액세스하십시오.  설치가 완료되면 팝업 지침에 따라 로그인합니다.,"Por favor, instala metamask. La pagina a la que intenta ingresar requiere que descargue una billetera para metamask. Una vez instalado, siga las instrucciones para iniciar",<メタマスクダウンロード>メタマスク</ メタマスクダウンロード>拡張機能をインストールするか、<メタマスクモバイル>メタマスクモバイルウォレット</ メタマスクモバイル>からこのページにアクセスしてください。インストールしたら、ポップアップの指示に従ってログインします。
caught_today,Caught Today,Bắt hôm nay,今天抓到,오늘 잡힌,Atrapados hoy,今日キャッチ
free_roaming,Free Roaming,Miễn phí chuyển vùng,免费漫游,프리 로밍,Itinerancia gratis,フリーローミング
success_rate,Success Rate,Tỉ lệ thành công,成功率,성공률,Tasa de éxito,成功率
support_boost,Support Boost,Hỗ trợ tăng cường,支持提升,지원 부스트,Impulso de apoyo,ブーストをサポート
no_boost,No Boost,,没有升压,부스트 없음,Sin impulso,ブーストなし
improve_success_rate,Improve the Success Rate,Năng cao khả năng thành công,提高成功率,성공률 향상,Mejora tu tasa de éxito,成功率を向上させる
improve_success_rate_info,"You need a Monster with the correct support type to start catching. If the support Monster is a Genesis Species, it will further increase the success rate by 10% for GS1 and 20% for GS2.","Bạn cần một quái vật có hệ tương thích để tiến hành bắt quái vật. Nếu quái vật hỗ trợ thuộc dòng Genesis, thì tỉ lệ thành công sẽ được nâng lên 10% cho dòng GS1 và 20% cho GS2",您需要一个具有正确支持类型的怪物才能开始捕捉。 如果辅助怪物是创世种，则GS1的成功率进一步提高10%，GS2的成功率提高20%。,"잡기 시작하려면 올바른 지원 유형을 가진 몬스터가 필요합니다. 지원 몬스터가 제네시스 종족일 경우 GS1은 10%, GS2는 20%의 성공률을 추가로 높인다.","Necesitas un monstruo con el correcto impulso de apoyo para empezar a atraparlo. Si el impulso de apoyo es un monstruo genesis, puede incrementar tu tasa de exito entre 10% si es tipo 1 o 20% si es de tipo 2",キャッチを開始するには、正しいサポートタイプのモンスターが必要です。サポートモンスターがジェネシス種の場合、成功率はGS1で10％、GS2で20％さらに増加し​​ます。
catching_power,Catching Power,,捕捉力,캐치 파워,Poder de agarre,キャッチ力
message_modal_additional_support,"For additional support, please visit our <discordRef> Discord </discordRef> or <teleRef> Telegram </teleRef> channel.","For additional support, please visit our <discordRef> Discord </discordRef> or <teleRef> Telegram </teleRef> channel.",如需更多支持，请访问我们的 <discordRef> Discord </discordRef> 或 <teleRef> Telegram </teleRef> 频道。,"For additional support, please visit our <discordRef> Discord </discordRef> or <teleRef> Telegram </teleRef> channel.","Para soporte adicional, por favor visite nuestro canal de Discord o Telegram",追加のサポートについては、<discordRef> Discord </ discordRef>または<teleRef> Telegram </ teleRef>チャネルにアクセスしてください。
metamask_not_found,MetaMask not found,Không tìm thấy meta mask,未找到 小狐狸钱包,메타마스크를 찾을 수 없습니다,MetaMask no encontrado,メタマスクが見つかりません
metamask_not_found_intro,It appears we couldn't find a web3 connection to your MetaMask wallet. Follow the steps below to install MetaMask and gain access to BCM Hunt!,Có vẻ như chúng tôi không thể tìm thấy kết nối web3 với ví MetaMask của bạn.  Làm theo các bước dưới đây để cài đặt MetaMask và có quyền truy cập vào BCM Hunt!,我们似乎找不到与您的 小狐狸 钱包的 web3 连接。 按照以下步骤安装 小狐狸 并访问 BCM Hunt！,메타마스크 지갑에 대한 웹삼 연결을 찾을 수 없는 것 같습니다. 아래 단계에 따라 메타마스크를 설치하고 BCM 헌트에 액세스하세요!,Parece que no pudimos encontrar una conexión  web3  para tu billetera de metamask. Sigue las instrucciones de abajo para instalar metamask y obtener acceso a BCM Hunt!,メタマスクウォレットへのウェブ3接続が見つからなかったようです。以下の手順に従ってメタマスクをインストールし、BCMHuntにアクセスしてください。
install_now,Install Now,Tải ngay,现在安装,바로 설치,Instalar ahora,今すぐインストール
close,Close,đóng,关闭,닫기,Cerrado,閉じる
bridge_heading,Bridge,cầu nối,桥,브리지,Puente,橋
bridge_title,Send BCMC and Monsters across chains.,Gửi BCMC và quái vật thông qua các sàn giao dịch,跨链发送 BCMC 和怪物。,BCMC와 몬스터를 체인으로 보냅니다.,Enviar BCMC y NFT en cadena cruzada,BCMCとモンスターをチェーン間で送信します
coming_soon,Coming Soon...,Sắp ra mắt,即将推出...,Comming soon,Proximamente...,近日公開...
i_want_to_send,I want to send,Tôi muốn gửi,我要发送,보내고 싶습니다,Quiero enviar,送りたい
target,Target,Mục tiêu,目标,타켓,Objetivo,ターゲット
portal_native_convert,Convert <convertPercentageSelect /> to native chain's currency.,Convert <convertPercentageSelect /> to native chain's coin.,将 <convertPercentageSelect /> 转换为原生链的货币。,Convert <convertPercentageSelect /> to native chain's coin.,Convert <convertPercentageSelect /> to native chain's coin.,<パーセンテージ選択の変換 />をネイティブチェーンの通貨に変換します。
amount_info,Amount converted will be,Tổng lượng chuyển đổi,转换金额将为,변환된 금액은,La cantidad convertida será,換算額は
estimate_transation,Transaction Fee,Phí giao dịch,交易费,거래 수수료,Tarifa de transacción,取引手数料
total_amount_received,Total Amount Received,Tổng lượng nhận được,收到的总金额,총 수령액,Cantidad total recibida,受け取った合計金額
warning_info,"Depending on the condition of the target network, your funds might take up to 12 hours to be reflected in your account.",Tùy vào tình trạng của mạng lưới mục tiêu mà vốn của bạn sẽ cần lên tới 12 giờ để thể hiện trong tài khoản,根据目标网络的状况，您的资金最多可能需要 12 小时才能反映在您的账户中。,대상 네트워크의 상태에 따라 자금이 계정에 반영되는 데 최대 12시간이 소요될 수 있습니다.,"Dependiendo de la condición de la red, Tus fondos pueden demorar hasta 12 horas hasta ser reflejadas en tu cuenta",ターゲットネットワークの状態によっては、資金がアカウントに反映されるまでに最大12時間かかる場合があります。
from,From,Từ,从,에서,De,差出人
estimate_transaction_fee,Transaction Fee,Phí giao dịch,交易费,거래 수수료,Tarifa de transacción,取引料金
remove,Remove,Loại bỏ,消除,삭제,Eliminar,削除する
select_monsters,Select Monsters,Chọn quái vật,选择怪物,몬스타 선택하기,Seleccionar monstruos,モンスターを選択
success_info,Your BCMC has been successfully sent! Please wait for the funds to be reflected in your account.,BCMC của bạn đã gửi thành công. Vui lòng chờ cho số tiền hiển thị trong tài khoản,您的 BCMC 已成功发送！ 请等待资金反映在您的帐户中。,BCMC가 성공적으로 전송되었습니다! 자금이 계정에 반영될 때까지 기다리십시오.,¡Su BCMC se ha enviado correctamente! Espere un momento a que su fondo llegue a su cuenta.,BCMCが正常に送信されました。 資金がアカウントに反映されるまでお待ちください。
win_rate,Win Rate,tỉ lệ chiến thắng,赢率,승률,Tasa de victorias,勝率
owned,Owned,sở hữu,拥有,소유됨,Este monstruo ya es tuyo,所有
died,Died,chết,死亡,사망,Muerto,死亡しました
battle_power,Battle Power,lực chiến,战斗力,베틀 파워,Poder de batalla,バトルパワー
view_monster_only,View,,视图,,vista,意見
no_result_portfolio,You have no monsters,Bạn không có quái vật,你没有怪物,몬스터가 없습니다,No tenes monstruos,モンスターはいない
no_result_portfolio_lead,Find yourself a companion in <linkMarketplace> our marketplace. </linkMarketplace>,You have no monsters. Find a companion in <linkMarketplace> our marketplace. </linkMarketplace>,在您的市场<linkMarketplace> 中为自己找一个伙伴。 </link marketplace>,당신은 괴물이 없습니다. <linkMarketplace> 마켓플레이스에서 동반자를 찾으십시오. </link마켓플레이스>,"No tenes monstruos, Encuentra un compañero en nuestro marketplace",<リンクマーケットプレイス>マーケットプレイスで仲間を見つけましょう。 </ リンクマーケットプレイス>
no_result_shared_portfolio,The portfolio is empty,,,,,
no_result_shared_portfolio_lead,You can check out <linkMarketplace> our marketplace. </linkMarketplace>,,,,,
customize,Customize avatar,Chỉnh sửa hình đại diện,自定义头像,아바타 설정하기,Personaliza tu avatar,アバターをカスタマイズする
save,Save,Lưu,保存,저장하기,Guardar,保存する
side_view,Side View,Xem bên cạnh,侧面图,사이드 뷰,Vista lateral,側面図
back_view,Back View,Xem lại,后视图,백뷰,Vista posterior,背面図
front_view,Front View,,正视图,프런트뷰,Vista frontal,正面図
download_avatar,Download,Tải xuống,下载,다운로드,Descargar,ダウンロード
saving,Saving,Lưu,保存,저장중,Guardando,保存
err_only_alphanumeric,Only lowercase alphanumeric characters are accepted,chỉ có các kí tự thường là được chấp nhận,只接受小写字母数字字符。,소문자 영숫자만 사용할 수 있습니다.,Solo se aceptan caracteres alfanuméricos en minúsculas.,小文字の英数字のみが受け入れられます。
err_nickname_chosen,This nickname has already been taken,Biệt danh này đã có người sử dụng,此昵称已被占用。,이미 사용 중인 닉네임입니다.,Este nombre de usuario ya ha sido tomado,このニックネームはすでに使用されています。
error_nickname_invalid_length,Nicknames must be between 1 and 32 characters long,,,,,
profile,Profile,Hồ sơ,轮廓,프로필,Perfil,プロフィール
profile_intro,Update your profile details here,Tùy chỉnh hồ sơ của bạn tại đây,在此处更新您的个人资料详细信息。,여기에서 프로필 세부정보를 업데이트하세요,Actualiza detalles de tu perfil acá,ここでプロファイルの詳細を更新します。
edit,Edit,Chỉnh sửa,编辑,교정하기,Editar,編集
view_tier_list,View Tier List,,查看层级列表,티어 목록 보기,Ver lista de rangos,ティアリストを表示
nickname,Nickname,Biệt danh,昵称,닉네임,Nombre de usuario,ニックネーム
nickname_placeholder,Lowercase alphanumeric characters only.,,仅限小写字母数字字符。,소문자 영숫자 문자만 가능합니다.,Solo se aceptan caracteres alfanuméricos en minúsculas.,小文字の英数字のみ。
email_address,Email Address,Địa chỉ email,电子邮件地址,이메일 주소,Dirección de email,電子メールアドレス
wallet_address,Wallet Address,Địa chỉ ví,钱包地址,월렛 주소,Direccion de wallet,ウォレットアドレス
profile_success,Successfully updated profile info!,Cập nhật thông tin thành công!,已成功更新个人资料信息！,프로필 정보가 업데이트되었습니다!,La informacion de tu perfil ha sido actualizada de forma exitosa!,プロファイル情報が正常に更新されました。
pvp_heading,Player vs Player,Người đấu người,玩家对玩家,플레이어 대 플레이어,Jugador VS jugador,プレイヤー対プレイヤー
quest_heading,Quest,Nhiệm vụ,寻求,탐색,Búsqueda,クエスト
share_portfolio_heading,{{username}}'s Portfolio,{{username}}'s portfolio,{{username}} 的投资组合,님의 포트폴리오,Portafolio del usuario,{{ユーザー名}}のポートフォリオ
portfolio_info,View the player's statistics and Monsters here.,Xem chỉ số người chơi và quái thú tại đây.,在此处查看玩家的统计数据和怪物。,여기에서 플레이어의 통계와 몬스터를 확인하세요.,Vea las estadisticas de otros jugadores y monstruos acá,ここでプレイヤーの統計とモンスターを表示します。
add_monsters,Add monsters,Thêm quái vật,添加怪物,몬스타 추가하기,agregar monstruos,モンスターを追加する
add_items,Add items,Thêm vật phẩm,,,,
add,,,,추가하기,agregar monstruos,
claim_nft,Claim NFT,Nhận NFT,认领 NFT,NFT청구하기,Reclamar NFT,NFT を請求する
claim_nft_lead,"If you are staking from multiple chains, you have to switch chains to claim all of your NFTs back.","Nếu bạn staking trên nhiều nên tảng, bạn phải đổi về đúng nền tảng để nhận được tất cả các NFT lại",如果您从多个链中质押，则必须切换链以收回所有 NFT。,여러 체인에서 스테이킹하는 경우 모든 NFT를 다시 청구하려면 체인을 전환해야 합니다.,Si estas haciendo staking en múltiples redes tendras que cambiar a la red correspondiente para reclamar a todos tus NFTS y traerlos de vuelta a tu billetera,複数のチェーンから賭けている場合は、チェーンを切り替えてすべてのNFTを取り戻す必要があります。
monsters_staked,Monsters staked,Các quái thụ được stake,怪物赌注,스테이킹된 몬스터,Monstruos en staking,モンスターが賭けた
energy_earning,Energy Earned,Năng lương nhận được,能源收入,에너지 획득,Ganancias en energia,稼ぐエネルギー
avg_earning,Avg. Earning,Trung bình nhận được,平均收入,평균 획득,Promedio de ganancias,平均 収入を得る
total_rewards,Total Rewards,Tổng phần thưởng,总奖励,총 보상,Ganancias totales,トータルリワード
participants,Participants,Những người tham gia,参与者,참가자,participantes,参加者
nft_staked,NFTs Staked,NFT được stake,NFT 质押,NFT 스테이킹,NFT stakeados,NFTステーク
genesis_pool,Genesis's pool,Hồ Genesis,创世纪的游泳池,제네시스의 풀,Pool de Genesis,ジェネシスのプール
total_nft_staked,Total NFTs Staked,Tổng NFT được stake,质押的 NFT 总数,총 NFT 스테이킹,Total de NFT stakeados,合計NFTステーキング
councils,Councils,Những hội đồng,理事会,협의회,Consejos,評議会
staking_lead,Stake your monsters/BCMC to earn extra BCMC,Stake các quái thú của bạn hoặc BCMC để nhận được thêm BCMC,质押你的怪物/BCMC 以获得额外的 BCMC,몬스터/BCMC를 스테이킹하여 추가 BCMC 획득하기,Stakea tus monstruos/BCMC para obtener extra BCMC,モンスター/ BCMCを賭けて追加のBCMCを獲得する
current,,Hiện tại,,현재,actual,
wild_statistics,Wild's statistics,Chỉ số của quái thú hoang dã,怀尔德的统计,와일드의 통계,Estadísticas de los Salvajes,ワイルドの統計
view_more_arrow,View more →,Xem thêm,查看更多→,더 보기,Ver mas,もっと見る→
earning,Earning,Nhận được,收入,획득,Ganancias,収入を得る
highest_earning_councils,Highest earning councils,Những hội động hận được cao nhất,最高收入委员会,최고 획득 카운슬,Consejos con mayores ingresos,最高の収益を上げている評議会
genesis_statistics,Genesis's statistics,Chỉ só của quái thú Genesis,创世纪的统计数据,제네시스 통계,Estadísticas de los Genesis,ジェネシスの統計
how_does_staking_work,How does staking work?,Cách hoạt động của staking,质押如何运作？,스테이킹은 어떻게 운영됩니까?,¿Cómo funciona el staking?,ステーキングはどのように機能しますか？
councils_number,"Council 1,2, & 3","Hội đồng 1,2 và 3","理事会 1,2 & 3","카운슬1,2,3","Consejos 1,2 y 3",評議会1、2、3
highest_returns,Highest returns,Lợi nhuận cao nhất,最高回报,최고수익,Altos retornos,最高のリターン
withdrawn,Withdrawn,Đã rút về,撤消,출금,Retirar,引きこもった
available_for_withdraw,Available for withdraw,Có thể rút về,可提现,출금 가능,Disponible para retirar,引き出し可能
wild_pool,Wild's pool,,野生的游泳池,와일드의 풀,Pool de Salvajes,ワイルドのプール
tier_list_intro,Find out more about VIP Tier benefits here.,Tìm hiểu thềm về các lợi ích của VIP tại đây,在此处了解有关 VIP 等级福利的更多信息。,여기에서 VIP 등급 혜택에 대해 자세히 알아보기,Encuentra mas información acerca de los beneficios de los rangos VIP acá,VIP Tierのメリットについて詳しくは、こちらをご覧ください。
tierList_message,We've received your BCMC deposit. Please wait a while for your VIP Tier to update.,Chúng tôi đã nhận BCMC mà bạn đã nạp. Xin hãy đợi chốc lát để VIP của bạn cập nhật,我们已收到您的 BCMC 押金。请稍等片刻，让您的 VIP 等级更新。,BCMC 보증금이 접수되었습니다. VIP 등급이 업데이트될 때까지 잠시 기다려 주십시오.,"Hemos recibido el deposito de BCMC. Por favor, espere un momento para actualizar tu rango",BCMCのデポジットを受け取りました。 VIPティアが更新されるまでしばらくお待ちください。
view_details,View Details,Xem chi tiết,查看详情,자세히 알아 보기,Ver detalles,詳細を見る
withdraw,Withdraw,Rút,提取,출금,Retirar,撤退
topup,Top up,Nạp,充值,충전,Recargar,トップアップ
bigger_reward,Bigger Reward,Phần thưởng lớn hơn,更大的回报,더 큰 보상,Gran recompensa,より大きな報酬
free_makertplace_promotion,Free Marketplace Promotion,Quảng cáo miễn phí trên chợ,免费市场推广,무료 마켓플레이스 프로모션,Promociones de mercado gratuitas,無料のマーケットプレイスプロモーション
free_battle_insurance,Free Battle Insurance,Miễn phí bảo hiểm,免费战斗保险,무료 전투 보험,Seguro gratis,無料バトル保険
create_guild,Create Guild,Tạo Guild,创建公会,길드 생성,Crear clan,ギルドを作成する
early_testnet_access,Early Feature Access,Các tính năng chưa ra,早期功能访问,조기 기능 액세스,Acceso a adelantos de funciones,早期の機能アクセス
priority_nft_loan,Priority NFT Loan,Ưu tiên thuê NFT,优先 NFT 贷款,우선 NFT 대출,Prioridad en Préstamo de NFTs,優先NFTローン
vip_support_channel,Enterprise Support,,企业支持,기업 지원,Soporte de empresa,エンタープライズサポート
vip_nft_access,Premium Assets Reservation,,优质资产预留,프리미엄 자산 예약,Reserva de Activos Premium,プレミアムアセットの予約
special_deal_guild,Special deals available for partnering guilds,,可用于合作公会的特别优惠,제휴 길드를 위한 특별 거래,Ofertas especiales disponibles para clanes asociados,提携ギルドに利用できる特別割引
special_privileges,Limited to partnering guilds,,仅限合作公会,제휴 길드 한정,Limitado para clanes asociados,提携ギルド限定
top_up_history,Top Up History,Lịch sử nạp,充值历史,충전 내역,Historial de recarga,トップアップ履歴
top_up,Top Up,Nạp,充值,충전,Recargar,トップアップ
with_draw,Withdraw,Rút,提取,출금,Retiro,撤退
current_tier,Current Tier,Vip hiện tại,当前等级,현재 티어,Rango actual,現在の層
next_tier_info,You are {{tierGap}} BCMC away from reaching the next VIP Tier.,You are {{tierGap}} BCMC away from reaching the next tier,您距离下一个 VIP 层级还有 {{tierGap}} BCMC。,다음 VIP 등급에 도달하려면 BCMC가 {{tierGap}}입니다.,Estás a {{tierGap}} BCMC de alcanzar el siguiente nivel,あなたは{{tierGap}} BCMCで次のVIPティアに到達することはできません。
lower_tier_info,Your VIP Tier will be downgraded if you withdraw more than {{tierGap}} BCMC.,Your tier will be downgraded if you withdraw more than {{tierGap}} BCMC,如果您提款超过 {{tierGap}} BCMC，您的 VIP 等级将被降级。,{{tierGap}} BCMC 이상 인출하면 VIP 등급이 하향 조정됩니다.,Su nivel se degradará si retira más de {{tierGap}} BCMC,{{ティアギャップ}} BCMCを超えて撤回すると、VIPティアがダウングレードされます。
current_tier_note,Note that you need to hold this amount in the smart contract before it reflects in your ranking.,Hãy lưu ý rằng bạn cần giữ ít nhất lượng như này trước khi chúng được thể hiện trong xếp hạng của bạn,请注意，您需要将此金额保留在智能合约中，然后才能反映在您的排名中。,순위에 반영되기 전에 이 금액을 스마트 계약에 보관해야 합니다.,"Tenga en cuenta que debe mantener esta cantidad en el contrato inteligente antes de que se refleje en su clasificación.
",ランキングに反映される前に、この金額をスマートコントラクトに保持する必要があることに注意してください。
withdraw_tier_note,Note that withdrawing BCMC might affect your current VIP Tier.,Hãy lưu ý rằng việc rút BCMC sẽ ảnh hưởng đến hạng VIP của bạn,请注意，退出 BCMC 可能会影响您当前的 VIP 等级。,BCMC를 철회하면 현재 VIP 티어 에 영향을 미칠 수 있습니다.,Tenga en cuenta que retirar BCMC podría afectar su nivel VIP actual.,BCMCを撤回すると、現在のVIPティアに影響する可能性があることに注意してください。
tier_topup_note,Please enter the amount you want to top up.,Hãy điền vào lượng mà bạn muốn nạp,请输入您要充值的金额。,충전할 금액을 입력해 주십시오,"Por favor, introduzca la cantidad que desea recargar.",補充したい金額を入力してください。
tier_withdraw_note,Please enter the amount you want to withdraw.,hãy diền vào lượng mà bạn muốn rút,请输入您要提取的金额。,출금하실 금액을 입력해주십시오,"Por favor, introduzca la cantidad que desea retirar",引き出したい金額を入力してください。
new_monsters,New Monsters,quái vật mới,新怪物,새로운 몬스터,Nuevos monstruos,新しいモンスター
timeline_title,TIMELINE,Dòng thời gian,时间线,타임라인,Línea de tiempo,タイムライン
timeline_intro,Catch Monsters and send them into battle!,Bắt quái vật và gửi chúng vào trận chiến,捕捉怪物并将它们送入战斗！,몬스터를 잡아 전투에 투입하세요!,Atrapa monstruos y envialos hacia la batalla!,モンスターを捕まえて戦闘に送りましょう！
catching,CATCHING ME WILL NOT BE EASY!,Bắt mình không dễ đâu bạn,抓住我并不容易！,나를 잡는 것은 쉽지 않을 거야!,Atraparme no sera facil!,私を捕まえるのは簡単ではありません！
battling,THIS BATTLE WILL BE LEGENDARY!,Trận chiến này sẽ là huyền,这场战斗将是传奇的！,이 전투는 전설이 될 것입니다!,Esta batalla sera legendaria!,この戦いは伝説になります！
catch_success,"YOU CAUGHT ME, BUDDY! LET'S GO ON AN AWESOME ADVENTURE TOGETHER!",Bạn bắt được tôi rồi. Hãy cùng đi một chuyến phiêu lưu tuyệt vời nào,你抓住了我，伙计！让我们一起来一场精彩的冒险吧！,"나를 잡았다, 친구! 멋진 에드벤저를 함께 가자!",Me haz atrapado compadre! Vayamos a tener aventuras juntos!,あなたは私を捕まえた、バディ！一緒に素晴らしい冒険に行きましょう！
catch_failure,"HAH, I GOT AWAY! COME BACK NEXT TIME WITH MORE POWER!",Bạn quá xui. Hãy quay lại khiêu chiến khi đã mạnh hơn,哈哈，我走了！下次回来，获得更多力量！,"HAH, 내가 가버렸어! 다음에는 더 강력하게 돌아오세요!",HAHA! ME HE ESCAPADO! LA PRÓXIMA VEZ VUELVE CON MAS PODER!,ハァッ、私は逃げた！次回はもっとパワーを持って戻ってきてください！
battle_success,THIS DEFEAT WILL JUST MAKE ME STRONGER NEXT TIME!,Trận thua này chỉ giúp tôi mạnh hơn lần sau,这次失败只会让我下一次更强大！,이 패배는 다음 번에 나를 더 강하게 만들 것입니다!,ESTA DERROTA SOLO ME ME HARA MAS FUERTE LA PROXIMA VEZ!,この敗北は、次回私を強くするだけです！
battle_failure,HOW DARE YOU CHALLENGE ME WITH SUCH PALTRY SKILLS?,Làm sao mà bạn dám khiêu chiến tôi với khả năng thấp kém đến thế,你怎么敢用这种微不足道的技能来挑战我？,그런 보잘 것 없는 기술을 가지고 어떻게 감히 나에게 도전합니까?,¿CÓMO TE ATREVES A DESAFIARME CON ESAS HABILIDADES TAN PATÉTICAS?,そのようなパルトリースキルで私にどのように挑戦しますか？
remaining,Remaining,Còn lại,其余的,남아 있습니다,Restante,残り
type_requirement_tooltip,Requires a support Monster of this Elemental Type to catch. Genesis Monsters provide a higher Catch Rate boost. Visit <market> the Marketplace </market> to purchase one!,Requires a support monster of this type to catch. Genesis monsters give further catch rate boost. Visit <market> the marketplace </market> to buy one!,需要此元素类型的辅助怪物才能捕捉。创世纪怪物提供更高的捕获率提升。访问 <market> 市场</market> 购买一个！,잡으려면 이 원소 유형의 지원 몬스터가 필요합니다. 제네시스 몬스타는 더 높은 캐치율 부스트를 제공합니다. <market> 마켓플레이스 </market>를 방문하여 구매하세요!,Requiere un monstruo de apoyo de este tipo para atraparlo. Los monstruos de Génesis aumentan aún más la tasa de captura. ¡Visite <market> el mercado </market> para comprar uno!,キャッチするには、このエレメンタルタイプのサポートモンスターが必要です。ジェネシスモンスターは、より高いキャッチ率のブーストを提供します。 <マーケット>マーケットプレイス</ マーケット>にアクセスして購入してください。
requires,Requires,,需要,필요합니다.,Requiere,要求
block_requirement_tooltip,This Monster will run away after a certain number of blocks.,This monster will run away after a number of blocks.,这个怪物会在一定数量的块后逃跑。,이 몬스터는 일정 수의 블록 후에 도망가겠습니다!,Este monstruo se escapará después de un número de bloques.,このモンスターは、一定数のブロックの後に逃げます。
blocks,BLOCKS,,积木,블록,BLOQUES,ブロック
bp,BP,,英国石油公司,BP,PODER DE BATALLA,BP
tier_requirement_tooltip,This Monster requires you to be at a certain VIP Tier to battle. Check out the <tier> Vip Tier <tier/> page for more info.,This monster requires you to be at a certain VIP Tier to battle. Check out <tier> Vip Tier <tier/> page for more info.,这个怪物需要你达到一定的VIP等级才能战斗。查看 <tier> Vip Tier <tier/> 页面了解更多信息。,이 몬스터는 전투를 하려면 특정 VIP 등급에 있어야 합니다. 자세한 내용은 <tier> Vip Tier <tier/> 페이지를 확인해 주십시오.,Su monstruo requiere que estés en cierto nivel VIP para luchar. Consulte la página <tier> Vip Tier <tier/> para obtener más información.,このモンスターは、戦闘するために特定のVIPティアにいる必要があります。詳細については、<tier> Vip Tier <tier />ページをご覧ください。
required,Required,,必需的,필요,Requiere,必須
battle_reward_tooltip,The first few trainers to defeat this Monster will receive a generous reward. Only once per trainer!,First few trainers who defeat this monster will receive a handsome reward. Once per trainer only!,前几位击败此怪物的训练家将获得丰厚的奖励。每位教练仅限一次！,이 괴물을 물리친 처음 몇 명의 트레이너는 멋진 보상을 받게 됩니다. 트레이너당 한 번만 받을 수 있습니다.,Los primeros entrenadores que derroten a este monstruo recibirán una gran recompensa. ¡Solo una vez por entrenador!,このモンスターを倒した最初の数人のトレーナーは、寛大な報酬を受け取ります。トレーナーごとに1回のみ！
bridge_out,Bridge Out,,桥出,브리지 아웃,Fuera del puente,ブリッジアウト
bridge_in,Bridge In,,桥接,브리지 인,Dentro del puente,ブリッジイン
bcmc_transfer,BCMC Transfer,,BCMC 转账,BCMC 이전,Transferencia de BCMC,BCMC転送
monster_transfer,NFT Transfer,,NFT 转账,NFT 이전,Transferencia de NFT,NFT転送
buy_ino,Buy INO,,购买伊诺,이노 구매,Compra INO,イノを購入する
claim_test_bcmc,Claim Test BCMC,,领取测试 BCMC,클레임 테스트 BCMC,Reclama los tokens de BCMC de prueba,クレームテストBCMC
convert_energy,Convert Energy,,转换能量,에너지 변환,Convierte energia,エネルギーを変換する
tier_deposit,Tier Deposit,,分层存款,티어 예금,Deposito de rango,ティアデポジット
tier_withdraw,Tier Withdraw,,等级提现,티어 철회,Retiro de rango,ティア撤退
enter_universe,Enter Universe,Vào thế giới,进入宇宙,유니버스에 들어가기,Entrar al universo,宇宙に入る
exit_universe,Exit Universe,Thoát thế giới,退出宇宙,유니버스에서 나가기,Salir del universo,宇宙を出る
convert_bcmc_to_energy,BCMC → Energy,BCMC → Năng lượng,BCMC → 能量,BCMC →에너지,BCMC → ENERGIA,BCMC→エネルギー
convert_energy_to_bcmc,Energy → BCMC,Năng lượng → BCMC,能量 → BCMC,에너지 → BCMC,BCMC → ENERGIA,エネルギー→ BCMC
claim_bcmc,Claim BCMC,Nhận BCMC,领取BCMC,BCMC 청구하기,Reclama BCMC,BCMCを請求する
guild_payout,,,,길드 지불금,Pagos de clanes,
brought,Brought,Đã Mua,带来,가져왔습니다,Trajo,持ってきた
claimed,Claimed,Đã nhận,已领取,청구했음,Reclamado,主張
recent_transaction,Recent Transactions,Những giao dịch gần đây,最近的交易,최근 거래,Transacciones Recientes,最近の取引
ticket_id,Ticket ID,Thông tin phiếu,票证编号,티켓 ID,ID del ticket,チケットID
bought_in,Bought in,,买进,구입하기,Comprado en,購入した
new,New,Mới,新的,새로운,Nuevos monstruos,新しい
you_have_no_new_monsters,You have no new monsters.,Bạn không có quái thú mới,你没有新的怪物。,새로운 몬스터가 없습니다.,No tenes ningun monstruo nuevo,新しいモンスターはいない。
used_items,Used items,Vật phẩm đã sử dụng,二手物品,중고 아이템,Items usados,使用済みアイテム
new_items,New items,Vật phẩm mới,新东西,새로운 아이템,Nuevos items,新しいアイテム
used,Used,Đã sử dụng,用过的,사용됨,Usados,使用済み
you_bring_no_items,You did not bring any items.,Bạn không mang bất kỳ vật phẩm nào,你没有带任何物品。,물건을 가져오지 않았습니다.,No haz traido ningun item,アイテムを持ってきませんでした。
you_have_no_new_items,You have no new items.,Bạn không có vật phẩm mới,你没有新物品。,새 항목이 없습니다.,No tienes nuevos item,新しいアイテムはありません。
balance,Balance,,平衡,밸런스,Balance,バランス
claim_exit,Claim & Exit,,领取和退出,청구 및 종료,reclamar y salir,申し立てと終了
claim_exit_lead,Would you like to claim & exit the Multiverse?,,你想认领并退出多元宇宙吗？,메타버스를 주장하고 종료하시겠습니까?,¿Te gustaria reclamar y salir del multiverso?,マルチバースを申請して終了しますか？
date,Date,,日期,날짜,Fecha,日にち
estimated_earning,Estimated earnings,,预计收益,예상 수입,Ganancias estimadas,推定収益額
overview,Overview,,概述,개요,Informacion general,概要
pool_expired_in,Pool expired in,,池已过期,풀이 만료됨,El pool expira en,プールの有効期限が切れました
energy,Energy,,能量,에너지,Energia,エネルギー
energy_earned,Energy earned,,获得的能量,획득한 에너지,Energia ganada,獲得したエネルギー
loan,LOAN,,贷款,대출,Préstamo,ローン
items,Items,,物品,아이템,Items,アイテム
item,Item,,物品,아이템,Item,アイテム
item_plural,Items,,物品,아이템,Items,アイテム
monster_owned,Monsters owned,,拥有的怪物,소유한 몬스터,Monstruos en posesion,所有するモンスター
maxium_loan,Maxium loan,,最大贷款,최대 대출,Maximo de prestamo,マキシウムローン
monsters_in_pool,Monster in pool,,池里的怪物,풀의 괴물,Monstruos en el pool,プールのモンスター
until_pool_close,Until pool is closed,,直到游泳池关闭,수영장 폐장시까지,Hasta el cierre del pool,プールが閉まるまで
you_cant_use,You can't use this feature yet.,,你还不能使用此功能。,아직 이 기능을 사용할 수 없습니다.,Todavia no puedes utilizar esta función,この機能はまだ使用できません。
you_cant_use_lead,You need to have at least 500 monsters in your portfolio before you can loan monsters.,,你需要在您的投资组合中至少拥有 500 个怪物才能借出怪物。,몬스터를 대출하려면 포트폴리오에 최소 500마리의 몬스터가 있어야 합니다.,Necesitas al menos 500 monstruos en tu portafolio antes de poder prestar tus monstruos,モンスターを貸し出す前に、ポートフォリオに少なくとも500のモンスターが必要です。
visit_marketplace,Visit marketplace,,访问市场,시장 방문,Visita nuestro mercado,マーケットプレイスにアクセス
catch_more,Catch more,,捕捉更多,더 잡기,Atrapa mas,もっとキャッチ
exit,Exit,,退出,출구,Salir del universo,出口
can_not_exit_lead,"You still have available rewards that need to be claimed, please claim all your rewards before exiting the current game session.",,你仍有可用的奖励需要领取，请在退出当前游戏会话之前先领取您的所有奖励。,아직 청구해야 할 보상이 있습니다. 현재 게임 세션을 종료하기 전에 먼저 모든 보상을 청구하십시오.,"Todavía tiene recompensas disponibles que deben reclamar, por favor, reclame todas sus recompensas primero antes de salir de la sesión del juego actual.",まだ請求する必要のある利用可能な報酬があります。現在のゲームセッションを終了する前に、まずすべての報酬を請求してください。
claim_rewards,Claim rewards,,领取奖励,보상 청구,Reclamar recompensas,報酬を請求する
claim_lead,Claim all your rewards without exiting the game,,在不退出游戏的情况下领取所有奖励,게임을 종료하지 않고 모든 보상을 받으세요,Reclama todas tus recompensas sin salir del juego,ゲームを終了せずにすべての報酬を請求する
claim_all,Claim all,,领取所有,모든 보상을 받기,Reclamar todo,すべてを請求する
energy_title_ver_two,Top up or claim your BCMC for the current Multiverse session,,为当前的 Multiverse 会话充值或申领您的 BCMC,현재 Multiverse 세션에 대한 BCMC 충전 또는 청구하기,Recarga o reclama tus BCMC para tu actual sesión del multiverso,現在のマルチバースセッションのBCMCを補充または請求します
energy_in_multiverse,Energy in Multiverse,,多元宇宙中的能量,메타버스의 에너지,Energia en multiverso,多元宇宙のエネルギー
energy_to_claim,Energy to claim,,领取能量,청구할 에너지,Energia a reclamar,主張するエネルギー
remaining_energy,Remaining Energy,,剩余能量,남은 에너지,Energia restante,残りのエネルギー
resulting_energy,Resulting Energy,,产生的能量,결과 에너지,Energia resultante,結果として生じるエネルギー
ready_to_exit,Exit the Multiverse,,退出多元宇宙,메타버스 종료,Exit the Multiverse,多元宇宙を終了します
ready_to_exit_lead,Are you ready to exit the Multiverse? <endLine/> The remaining <energyFormat/> energy will also be claimed.,Are you ready to exit the Multiverse? The remaining amount of {{ energyAmount }} energy will also be claimed.,你准备好退出多元宇宙了吗？ <endLine/> 剩余的 <energyFormat/> 能量也将被索取。,메타버스를 종료할 준비가 되셨습니까? 나머지 {{ energyAmount }} 에너지도 청구됩니다.,¿Estás listo para salir del Multiverso? <endLine></endLine> {{ energyAmount }} también se reclamará energía.,多元宇宙を終了する準備はできていますか？ <エンドライン/>残りの<エネルギーフォーマット />エネルギーも要求されます。
ready_to_exit_lead_no_energy,Are you ready to exit the Multiverse?,Are you ready to exit the Multiverse?,你准备好退出多元宇宙了吗？,메타버스를 종료할 준비가 되셨습니까?,Are you ready to exit the Multiverse?,多元宇宙を終了する準備はできていますか？
no_users,No users,,用户数,사용자 없음,No hay usuarios,ユーザー数
transaction,,,交易,거래,Transacción,
member,Member,,成员,회원,Miembro,メンバー
salary,,,薪水,샐러리,Salario,
suggested_payment,Suggested Payment,,建议付款,제안된 지불,Pago sugerido,推奨される支払い
select_payout_date,Pay your members according to earning up until a certain date,,在特定日期之前根据收入向您的会员付款,특정일까지의 수입에 따라 회원에게 지급해 주십시오,Paga a tus miembros acorde a sus ganancias hasta una determinada fecha,特定の日付までの収益に応じてメンバーに支払います
hide_zero_payment,Hide zero payment,,隐藏零付款,제로 결제 숨기기,Ocultar 0 pagos,ゼロ支払いを隠す
m,m,,米,,M,m
selected,Selected,,选择,선택된,Seleccionado,選択
approve_to_pay,Approve payment,,批准付款,결제 승인,Aprobado para pagar,支払いを承認する
Pay,Pay,,支付,결제하기,pagar,支払い
permission_required,Permission required,,需要许可,권한 필요,permiso requerido,許可が必要です
permission_required_lead,Please mark our site as trusted so we can charge your BCMC from your wallet. Click here for more info.,,请将我们的网站标记为受信任，以便我们从您的钱包中向您的 BCMC 收费。 请点击这里获取更多信息。,지갑에서 BCMC를 청구할 수 있도록 사이트를 신뢰할 수 있는 것으로 표시하십시오.자세한 정보를 보려면 여기를 클릭하십시오.,Marque nuestro sitio como confiable para que podamos cargar su BCMC desde su billetera. Haga clic aquí para más información.,ウォレットからBCMCに請求できるように、当サイトを信頼できるものとしてマークしてください。 詳細については、ここをクリックしてください。
approve_once,Approve once,,批准一次,일회 승인,Aprobar una vez,一度承認する
approve,Approve,,批准,승인,Aprobar una vez,承認
ready_to_play,Ready to play,,准备玩,플레이 준비,Listo para jugar,プレイする準備ができました
ready_to_play_lead,Please approve the transaction appearing on MetaMask/WalletConnect to enter the Multiverse.,,请批准出现在 MetaMask/WalletConnect 上的交易以进入 Multiverse。,메타버스에 진입하려면 메타마스크/월렛연결에 표시되는 트랜잭션을 승인하십시오.,Por favor aprueba la transacción que aparece en su billetera MetaMask/WalletConnect para entrar al multiverso,マルチバースに入るために、メタマスク / ウォレットコネクトtに表示されるトランザクションを承認してください。
i_ready,I'm ready!,,我准备好了！,준비되었습니다!,Estoy listo!,準備できました！
remove_user,Remove user,,删除用户,사용자 제거,Remover usuario,ユーザーを削除する
remove_user_confirm,Are you sure you want to remove this user?,,你确定要删除此用户吗？,이 사용자를 삭제하시겠습니까?,¿Estás seguro de que queres remover a este usuario?,このユーザーを削除してもよろしいですか？
manage,,,管理,관리하기,Administrar,
cancel_ticket,Cancel ticket,,取消机票,티켓 취소,Cancelar ticket,チケットをキャンセルする
retry_exit,Retry exit,,重试退出,재시도 종료,Reintentar salida,終了を再試行します
go_to_claim,Go to Claim,,前往领取,청구로 이동,Dirígite a la sección de reclamo,クレームに移動
no_session_message,You don't have any active sessions assigned to this member. Please <createSessionRef> create a session here </createSessionRef>.,You don't have any active sessions assigned to this member. Please <createSessionRef> create a session here </createSessionRef>.,你没有为该成员分配任何活动会话。请<createSessionRef> 在此处创建会话</createSessionRef>。,이 회원에게 할당된 활성 세션이 없습니다. <createSessionRef> 여기에서 세션을 생성 </createSessionRef> 해 주십시오.,No tienes sesiones activas asignadas a este miembro. <createSessionRef> cree una sesión acá </createSessionRef>.,このメンバーに割り当てられているアクティブなセッションはありません。 <createSessionRef>ここでセッションを作成してください</ createSessionRef>。
member_account,Member account details,,会员账户详情,회원 계정 정보,Detalles de las cuentas de los miembros,メンバーアカウントの詳細
customize_it_your_style,Customize it in your style.,,以你的风格定制它。,당신의 스타일로 사용자 정의하십시오.,Personalizalo a tu propio estilo,あなたのスタイルに合わせてカスタマイズしてください。
add_wallet_title,Add wallet address,,添加钱包地址,지갑 주소 추가,Agregar dirección de billetera,ウォレットアドレスを追加
add_wallet_lead,Enter a wallet address to send out a payment to this user.,,输入钱包地址为该用户发送付款。,이 사용자에 대한 지불을 보낼 지갑 주소를 입력하십시오.,Inserta una dirección de billetera para enviar los pagos para este usuario,このユーザーの支払いを送信するウォレットアドレスを入力します。
salary_bracket_title,Salary,,薪水,샐러리,Salario,給料
salary_bracket_lead,Choose a salary for this user based on earning percentage or fixed amount.,,根据收入百分比或固定金额为该用户选择工资。,소득 비율 또는 고정 금액을 기준으로 이 사용자의 급여를 선택해 주십시오.,Elegi un salario para este usuario basado en el porcentaje de ganancias o monto fijo,収益率または固定金額に基づいて、このユーザーの給与を選択します。
change_password,Change password,,更改密码,비밀번호 변경,Cambiar contraseña,パスワードを変更する
change_password_lead,Enter a new password or leave blank to keep the same password.,,输入新密码或留空以保留相同的密码。,새 비밀번호를 입력하거나 동일한 비밀번호를 유지하려면 공백으로 둡니다.,Inserta tu nueva billetera o dejala en blanco para mantener la misma contraseña,新しいパスワードを入力するか、空白のままにして同じパスワードを維持します。
set_password,Set a password (6-20 alphanumeric characters),,设置密码（6-20 个字母数字字符）,비밀번호 설정(영숫자 6~20자),Colocá una contraseña (6-20 caractéres alfanuméricos),パスワードを設定します（6〜20文字の英数字）
repeat_password,Repeat the password,,重复密码,비밀번호 반복,Repeti tu contraseña,パスワードを繰り返します
update,Update,,更新,업데이트,Actualización,アップデート
your_journey_await,Your journey awaits!,,你的旅程等待着！,당신의 여행이 기다리고 있습니다!,Tu viaje te espera!,あなたの旅が待っています！
your_journey_await_lead,You need at least one monster to join the Multiverse. Visit the marketplace now to buy monsters.,,你至少需要一个怪物才能加入多元宇宙。立即访问市场购买怪物。,메타버스에 참여하려면 최소한 몬스터가 필요합니다.지금 시장을 방문하여 몬스터를 구입하세요.,Necesitas al menos un monstruo para unirte a Multiverse. Visita el mercado ahora para comprar monstruos.,マルチバースに参加するには、少なくともモンスターが必要です。 モンスターを購入するには、今すぐマーケットプレイスにアクセスしてください。
connect_wallet_lead,Please connect your account using one of the following methods,,请使用以下方法之一连接您的帐户,Please connect your account using one of the following methods,Conecta tu cuenta usando uno de los siguientes métodos,次のいずれかの方法でアカウントを接続してください
step_1,Step 1,,第1步,1 단계,Paso 1,ステップ1
step_2,Step 2,,第2步,2 단계,Paso 2,ステップ2
step_3,Step 3,,第 3 步,3 단계,Paso 3,ステップ3
step_4,Step 4,,第4步,4 단계,paso 5,ステップ4
set_password_title,Set password,,设置密码,암호를 설정하십시오,Coloca tu contraseña,パスワードを設定してください
set_password_lead,User will need to input this password to access the game,,用户需要输入此密码才能访问游戏,사용자가 게임에 액세스하려면 이 비밀번호를 입력해야 합니다.,El usuario deberá ingresar esta contraseña para acceder al juego.,ゲームにアクセスするには、ユーザーはこのパスワードを入力する必要があります
create_account,Create account,,创建账户,계정 만들기,Crear cuenta,アカウントを作成する
add_member_title,Add member,,添加成员,회원 추가,Agregar miembro,メンバーを追加
add_member_lead,Add a member to the session,,将成员添加到会话,세션에 구성원 추가,Agregar a un miembro a la sesión,セッションにメンバーを追加する
enter_username,Enter username,,输入用户名,사용자 이름 입력,Ingresar nombre de usuario,ユーザーネームを入力してください
no_member_found,No available members,,没有可用的成员,사용 가능한 회원이 없습니다,No hay miembros disponibles,利用可能なメンバーがありません
set_an_avatar,Set an avatar,,设置头像,아바타 설정,Selecciona un avatar,アバターを設定する
set_an_avatar_lead,Customize your style,,自定义您的风格,스타일 사용자 지정,Personaliza tu estilo,あなたのスタイルをカスタマイズする
select_monsters_lead,Pick your Monsters carefully. You won't be able to change them once you enter the Multiverse,,仔细挑选你的怪物。进入 Multiverse 后将无法更改它们,신중하게 몬스터를 선택하세요.메타버스에 들어가면 변경할 수 없습니다.,Selecciona a tus monstruos cuidadosamente. No tendrás la posibildiad de cambiarlos una vez que ingreses al multiverso,モンスターを慎重に選んでください。 マルチバースに入ると、それらを変更することはできません
choose_monster_error,You need to pick at least 1 Monster to start the game.,,您需要至少选择 1 个怪物才能开始游戏。,게임을 시작하려면 최소 1마리의 몬스터를 선택해야 합니다.,Necesitas al menos un monstruo para empezar a jugar,ゲームを開始するには、少なくとも1体のモンスターを選ぶ必要があります。
select_items,Select your support items.,,选择您的支持项目。,지원 항목을 선택하십시오.,Selecciona los items de apoyo,サポートアイテムを選択してください。
select_items_lead,Items can help you out in dire situations.,,物品可以在可​​怕的情况下帮助您。,아이템은 위급한 상황에서 당신을 도울 수 있습니다.,Los items pueden ayudarte en situaciones complicadas,アイテムは、悲惨な状況であなたを助けることができます。
energy_fee,Energy Fee,,活力,에너지,Energia,エネルギー
energy_lead_ver_two,"Energy is required for battle, so make sure you bring enough to stay as long as you want",,战斗需要能量，因此请确保您携带足够的能量以保持您想要的时间,전투에는 에너지가 필요하므로 원하는 만큼 오래 머물 수 있도록 충분히 가져오세요.,Energy are required for battle so make sure you bring enough to stay as long as you want,戦闘にはエネルギーが必要なので、好きなだけ長く滞在できるように十分に持ってきてください
free_energy_mention,Don't have enough energy? You can always top up,,没有足够的能量？你可以随时充值,에너지가 충분하지 않습니까? 항상 충전할 수 있습니다.,¿No tienes suficiente energía? Siempre puedes recargar,十分なエネルギーがありませんか？ あなたはいつでも補充することができます
starting_energy,Starting energy,,启动能量,시작 에너지,Energia inicial,始動エネルギー
energy_topped_up,Energy topped up,,能量补足,에너지 충전,Recargar energia,エネルギーが補充されました
total_energy_brought,Total energy brought,,带来的总能量,가져온 총 에너지,Total de energia traida,もたらされた総エネルギー
multiverse_fee,Multiverse fee,,多元宇宙费用,메타버스 요금,Comision de entrada al multiverso,多元宇宙料金
energy_topup_cost,Energy Top-up cost,,能量充值费用,에너지 충전 비용,Coste de recarga de energia,エネルギー補充コスト
total_amount_charged,Total amount charged,,收取的总金额,청구된 총 금액,Cantidad total recargada,請求総額
not_available_mobile,Oops! This page is not available on mobile,,哎呀！此页面在手机上不可用,앗!이 페이지는 모바일에서 사용할 수 없습니다,Ups! esta pagina no esta disponible para el celular,おっとっと！ このページはモバイルでは利用できません
not_available_mobile_lead,Please try to access this page on desktop,,请尝试在桌面上访问此页面,데스크톱에서 이 페이지에 액세스하십시오.,"Por favor, intenta acceder a nuestra pagina desde una computadora",デスクトップでこのページにアクセスしてみてください
payout,Payout,,支付,지불금,Pago,支払い
mass_payment,Mass payment,,批量付款,대량 결제,Pago masivo,一括払い
guide_settings,Guild settings,,公会设置,길드 설정,Configuracion del clan,ギルド設定
notifications,Notifications,,通知,공고,Notificaciones,通知
terminate_all_session,Terminate all sessions,,终止所有会话,모든 세션 종료,Terminar todas las sesiones,すべてのセッションを終了します
send_me_performance,Send me a performance report at the end of each day,,在每天结束时向我发送绩效报告,하루가 끝날 때 나에게 성과 보고서를 보냅니다.,Enviarme un reporte de mi performance al final del dia,毎日の終わりにパフォーマンスレポートを送ってください
no_member_title,You don't have any members yet,,你还没有会员,아직 회원이 없습니다.,Todavia no tienes ningun miembro,まだメンバーがいません
no_member_lead,Press (+) above to add a member to your guild first.,,按上面的 (+) 首先将成员添加到您的公会。,길드에 회원을 먼저 추가하려면 위의 (+)를 누르십시오.,Presiona (+) arriba para agregar un miembro a tu gremio primero.,最初にギルドにメンバーを追加するには、上の（+）を押します。
guild_master,Guild Master,,公会长,길드 조합원,Maestro del clan,ギルドマスター
claiming,,,,,Reclamando,
no_monsters_to_choose,"You either have no monsters or all of them are busy at the moment. <endLine/> If you are new to the game, please take a look at our <metaverseVideo> Multiverse introduction video. </metaverseVideo>","You either have no monsters or all of them are busy at the moment. <endLine/> If you are new to the game, please take a look at our <metaverseVideo> Metaverse introduction video.</metaverseVideo>","“你要么没有怪物，要么现在都在忙。<endLine/>如果你是新手。 游戏，请观看我们的 <metaverseVideo> Multiverse 介绍视频。 </metaverse 视频>""",현재 몬스터가 없거나 모두 바쁩니다. <endLine/> 처음 사용하는 경우 게임은 <metaverseVideo> 메타버스 소개 영상을 봐주세요. </메타버스비디오>,"O no tienes monstruos o todos están ocupados en este momento. <endLine/> Si es nuevo en el juego, echa un vistazo a nuestro vídeo de introducción <metaverseVideo> Metaverse. </metaverseVideo>",「あなたはモンスターを持っていないか、現在すべてのモンスターが忙しいです。<エンドライン />あなたが初めての場合
ticket_nickname,Multiverse Nickname,,多元宇宙昵称,멀티버스 닉네임,Usuario del multiverso,ゲームについては、<メタバースビデオ>マルチバース紹介ビデオをご覧ください。 </ メタバースビデオ>」
statistic,Statistics,,统计数据,통계,Estadísticas,多元宇宙のニックネーム
completed_sessions,Completed sessions,,已完成的会话,완료된 세션,Sesiones completadas,完了したセッション
no_of_members,Members,,成员,회원,Miembros,メンバー
running_sessions,Running sessions,,运行会话,세션 실행,Sesiones en curso,実行中のセッション
best_performer,Best performer,,最佳表演者,베스트 퍼포머,Mejor performance,ベストパフォーマー
worst_performer,Worst performer,,表现最差的,최악의 퍼포머,Peor performance,最悪のパフォーマー
30_days_earnings,30D Earnings,,30D 收益,30D 수입,Ganancias en 30 dias,
7_days_earning,7D Earnings,,7D 收益,7D 수익,Ganancias en 7 dias,7D収益
7_days_battles,7D Battles,,7D 战斗,7D 전투,7 dias de batalla,7Dバトル
session_plural,Sessions,,会话,세션,Sesiones,セッション
sessions,Sessions,,会话,세션,Sesiones,セッション
create,Create,,创建,만들기,crear,作成
manage_guild,Manage guild,,管理公会,길드 관리,Administrar clan,ギルドを管理する
select_your_ticket,Your tickets,,你的票,당신의 티켓,Mis tickets,あなたのチケット
new_ticket,New Ticket,,新票,새 티켓,Nuevo Ticket,新しいチケット
your_avatar,Your Avatar,,你的头像,당신의 아바타,Mi avatar,あなたのアバター
your_monster_team,The A team that you have chosen to enter the Multiverse with you.,,您选择与您一起进入多元宇宙的A团队。,메타버스에 들어가기 위해 당신과 함께 선택한 팀입니다.,El equipo A que has elegido con vos para entrar al multiverso,マルチバースに入るためにあなたが選んだAチーム。
your_items,Your Items,,您的物品,당신의 아이템,Mis items,あなたのアイテム
upgrade_now,Upgrade now,,现在升级,바로 업그레이드,Actualizar ahora,今すぐアップグレード
bag_size,Bag size,,袋子尺寸,백 사이즈,Tamaño de la mochila,バッグサイズ
bag_size_lead,Total number of slots available for you to catch monsters/items within a Multiverse session. Find out more about how it works,,在 Multiverse 会话中可供您捕捉怪物/物品的插槽总数。了解更多关于它是如何工作的,메타버스 세션 내에서 몬스터/아이템을 잡을 수 있는 총 슬롯 수입니다. 작동 방식에 대해 자세히 알아보기,Número total de espacios disponibles para que atrapes monstruos/objetos dentro de una sesión de Multiverse. Más información sobre cómo funciona,マルチバースセッション内でモンスター/アイテムを捕まえるために利用できるスロットの総数。 それがどのように機能するかについてもっと知る
here,Here,,这里,여기,Acá,ここ
bag_size_info,Need more? Upgrade your VIP tier to unlock extra slots,,需要更多？升级您的 VIP 等级以解锁额外的插槽,더 필요하세요? VIP 등급을 업그레이드하여 추가 슬롯을 잠금해 주십시오,¿Necesitas mas? actualiza tu rango para desbloquear mas espacios,もっといります？ VIPティアをアップグレードして、追加のスロットのロックを解除します
amount_of_bcmc,Amount of BCMC held.,,持有的 BCMC 数量。,BCMC 보유량.,Cantidad de BCMC retenida.,開催されたBCMCの金額。
amount_of_bcmc_lead,"BCMC is required as a battle fee, so make sure you bring enough to stay for as long as you desire.",,BCMC 是必需的战斗费，所以请确保您带上足够的东西，以便您可以随心所欲地逗留。,BCMC는 전투비로 필요하므로 원하는 만큼 오래 머물 수 있도록 준비하십시오.,"Se requiere BCMC como tarifa de batalla, así que asegúrese de traer suficiente para quedarse todo el tiempo que desee.",戦闘費としてBCMCが必要ですので、ご希望の期間滞在するのに十分なものをご持参ください。
step_5,Step 5,,第 5 步,5단계,Paso 5,ステップ5
step_5_title,Amount of energy,,能量数量,에너지의 양,Cantidad de energia,エネルギー量
step_5_lead,"Energy is required for battle, so make sure you bring enough to stay as long as you want",,战斗需要能量，因此请确保您携带足够的能量以保持您想要的时间,전투에는 에너지가 필요하므로 원하는 만큼 오래 머물 수 있도록 충분히 가져오세요.,"Se requiere energía para la batalla, así que asegúrate de llevar suficiente para quedarte todo el tiempo que quieras.",戦闘にはエネルギーが必要なので、好きなだけ長く滞在できるように十分に持ってきてください
fee_to_participate,Fee to participate,,参加费用,참가비,Comision para participar,参加費
total_amount_change,Total amount charged,,收取的总金额,청구된 총 금액,Total de energia cargada,請求総額
disable_catch_monster,Disable catch monster,,禁用捕捉怪物,몬스터 잡기 비활성화,Deshabilitar captura de monstruo,キャッチモンスターを無効にする
claim_and_exit,Claim,,宣称,클레임,Reclamar,請求
retry_claim,Retry Claim,,重试索赔,클레임 재시도,Reintentar reclamar,クレームを再試行する
member,Member,,会员,회원,Miembro,メンバー
member_plural,Members,,会员,회원,Miembros,メンバー
manage_members,All members,,所有成员,전원,Todos los miembros,全員
unsupported_chain,Unsupported chain,,不支持的链,지원되지 않는 체인,Redes no soportadas,サポートされていないチェーン
unsupported_chain_lead,"This chain is not supported at the moment. Please click on one of the chains below to switch to it now, or you can switch manually in your wallet later.",,目前不支持此链。请单击下面的其中一条链立即切换到它，或者您可以稍后在钱包中手动切换。,이 체인은 현재 지원되지 않습니다. 아래 체인 중 하나를 클릭하여 지금 전환하거나 나중에 지갑에서 수동으로 전환할 수 있습니다.,Esta Red no es compatible en este momento. Haga clic en una de las cadenas a continuación para cambiar a ella ahora o puede cambiar manualmente en su billetera más tarde.,このチェーンは現在サポートされていません。 以下のチェーンの1つをクリックして今すぐ切り替えるか、後でウォレットで手動で切り替えることができます。
challenge_title,Challenge no longer available,,挑战不再可用,더 이상 사용할 수 없는 도전,El desafio ya no se encuentra disponible,チャレンジは利用できなくなりました
challenge_desc,Someone else has accepted this challenge or the challenger has canceled the battle.,,其他人已接受此挑战或挑战者已取消战斗。,다른 사람이 이 도전을 수락했거나 도전자가 전투를 취소했습니다.,Alguien más ha aceptado este desafío o el retador ha cancelado la batalla.,他の誰かがこのチャレンジを受け入れたか、チャレンジャーがバトルをキャンセルしました。
done,Done,,完毕,완료,Hecho,終わり
cancel_battle_title,Cancel battle?,,取消战斗？,전투를 취소하시겠습니까?,¿Cancelar batalla?,戦闘をキャンセルしますか？
cancel_battle_desc,Are you sure you want to cancel this battle? There will be no refund for your battle fee,,您确定要取消这场战斗吗，您的战斗费将不予退还,이 전투를 취소하시겠습니까? 전투 비용은 환불되지 않습니다.,¿Estás seguro de que deseas cancelar esta batalla? No habrá reembolso por tu tarifa de batalla.,この戦闘をキャンセルしてもよろしいですか。戦闘料金の払い戻しはありません。
no_i_not,"No, I'm not",,不，我不是,아니요,"No, no lo estoy",いいえ、私は違います
yes_i_sure,"Yes, I'm sure",,是的。我确定,예.,"Si, estoy seguro.",はい。 私は確信しています
opponent_flow_desc,You got 1 new challenge request,,您收到了 1 个新的挑战请求,1개의 새로운 도전 요청을 받았습니다.,Tenes una solicitud de desafio pendiente,新しいチャレンジリクエストが1つあります
effects_applied_title,Effect applied,,应用效果,효과 적용,Efecto aplicado,適用された効果
required_tier,Required tier,,所需等级,필수 티어,Rango requerido,必要な階層
monster_preview,Monster Preview,,怪物预览,몬스터 미리보기,Vista previa del monstruo,モンスタープレビュー
skip_cooldown,Skip cooldown,,跳过冷却时间,재사용 대기시간 건너뛰기,Saltear tiempo de enfriamiento,クールダウンをスキップ
skip_cooldown_lead,"To skip the cooldown, you will have to pay {{fees}} BCMC, do you want to proceed?","To skip the cooldown, you will have to pay {{fees}} BCMC, do you want to process further?",要跳过冷却时间，您需要支付 {{fees}} BCMC，您要进一步处理吗？,쿨다운을 건너뛰려면 BCMC {{fees}}를 지불해야 합니다. 진행하시겠습니까?,"Para omitir el tiempo de reenfriamiento, deberá pagar {{fees}} BCMC, ¿quiere continuar con el proceso?",クールダウンをスキップするには、{{料金}} BCMCを支払う必要があります。さらに処理しますか？
i_good,I'm good,,我很好,난 괜찮아,Estoy bien,私は大丈夫です
skip_cooldown_pay,Pay {{fees}} BCMC,Pay {{fees}} BCMC,支付 {{fees}} BCMC,BCMC {{fees}} 지불,Pagar {{fees}} BCMC,{{料金}} BCMCを支払う
reward_factor,Reward factor,,奖励因素,보상 요소,Factor de recompensa,報酬係数
chance_killed_when_lost,Death chance after losing,,失败后的死亡机会,패배 후 사망 확률,Posibilidad de muerte despues de perder,負けた後の死のチャンス
improve_success_rate_title,GS1 & GS2 Genesis monsters give 10% & 20% success rate boost when they are support monsters. You get another 5% boost if the monster is from the same chain as you.,,GS1 和 GS2 创世纪怪物在作为辅助怪物时提供 10% 和 20% 的成功率提升。如果怪物与您来自同一链，您将获得另外 5% 的提升。,GS1 & GS2 제네시스 몬스터는 서포터 몬스터일 때 10% & 20%의 성공률 증가를 제공합니다. 몬스터가 당신과 같은 체인에 있으면 추가로 5% 부스트를 얻습니다.,Los monstruos GS1 y GS2 Genesis dan un aumento de la tasa de éxito del 10% y 20% cuando son monstruos de apoyo. Obtienes otro 5% de impulso si el monstruo es de la misma red que tú.,GS1とGS2のジェネシスモンスターは、サポートモンスターの場合、成功率が10％と20％向上します。 モンスターがあなたと同じチェーンから来ている場合、あなたはさらに5％のブーストを得る。
got_it,Got it!,,知道了！,알았어요!,Entendido!,手に入れました！
chat_room,Chatroom,,聊天室,대화방,Sala de chat,チャットルーム
online,Online,,在线的,온라인,En línea,オンライン
send,Send,,发送,보내기,Enviado,送信
loots,Loot,,战利品,전리품,botines,戦利品
empty,Empty,,空的,비움,Vacío,空の
upgrade,Upgrade,,升级,업그레이드,Actualizar,アップグレード
upgrade_lead,Upgrade your tier to increase your loot size. You will have to start a new game to see the change reflected in the UI.,,升级您的等级以增加您的战利品大小。您必须开始新游戏才能看到更改反映在 UI 中。,전리품 크기를 늘리려면 등급을 업그레이드하세요. 변경 사항이 UI에 반영되는지 보려면 새 게임을 시작해야 합니다.,Actualiza tu rango para aumentar el tamaño del botin. Tendrás que empezar una nueva partida para ver el cambio reflectado en la interface,ティアをアップグレードして、戦利品のサイズを増やします。 変更がUIに反映されるようにするには、新しいゲームを開始する必要があります。
select_a_boost,Select a boost,,选择提升,부스트 선택,Selecciona un impulso,ブーストを選択
legend_sword,Legend Sword,,传奇之剑,레전드 소드,Espada Legendaria,レジェンドソード
winged_shoes,Winged Shoes,,带翅膀的鞋子,날개 달린 신발,Zapatos alados,翼のある靴
captian_shield,Captain's Shield,,船长之盾,선장의 방패,Escudo del capitán,キャプテンの盾
details,Details,,细节,세부,Detalles,詳細
my_inventory,My inventory,,我的库存,내 인벤토리,Mi inventario,私の在庫
token_expired,Token invalid or expired,,令牌无效或过期,토큰이 유효하지 않거나 만료되었습니다.,Token invalido o expirado,トークンが無効または期限切れ
token_expired_lead,"You have stayed in Multiverse for more than 24 hours,\nif you wish to continue please create a new session.",,您已在 Multiverse 中停留超过 24 小时\n如果您想继续，请创建一个新会话。,Multiverse에 24시간 이상 머물렀습니다.\n계속하려면 새 세션을 만드십시오.,"Ha permanecido en Multiverse ourante más de 24 horas,\nsi desea continuar, cree una nueva sesión.",マルチバースに24時間以上滞在しました\n続行する場合は、新しいセッションを作成してください。
hide_all_notifcation,Hide all notifications,,隐藏所有通知,모든 알림 숨기기,Oculta todas las notificaciones,すべての通知を非表示にする
notification_setting_notshow,Do not show the monsters that don't meet requirements,,不显示不符合要求的怪物,요구 사항을 충족하지 않는 몬스터를 표시하지 마십시오,No mostrar los monstruos que no cumplen los requisitos.,要件を満たしていないモンスターを見せないでください
account_power,Account power,,帐号权限,계정 권한,Poder de la cuenta,アカウントの権限
rank,Rank,,秩,랭크,Rank,ランク
friendly_accept_title,Wants to challenge you to a friendly battle!,,想以友好的方式挑战你！,우호적인 전투에 도전하고 싶습니다!,Quiero desafiarte en una batalla amistosa!,フレンドリーなバットであなたに挑戦したい！
friendly_not,"We couldn't find any username that matches your search, please double check for typos & try again",,我们找不到任何与您的搜索匹配的用户名，请仔细检查错字并重试,검색어와 일치하는 사용자 이름을 찾을 수 없습니다. 오타를 다시 확인하고 다시 시도하세요.,"No pudimos encontrar ningún nombre de usuario que coincida con su búsqueda, vuelva a verificar el error tipográfico e intente nuevamente",検索に一致するユーザー名が見つかりませんでした。タイプミスを再確認して、もう一度お試しください
reject,Reject,,拒绝,거절하기,Rechazar,拒絶
result,Result,,结果,결과,Resultado,結果
challenge,Challenge,,挑战,도전,Desafio,チャレンジ
friendy_battle,Friendly battle,,友谊战,친선전,Batalla amistosa,友好的な戦い
skip,Skip,,跳过,건너 뛰다,Saltear tiempo de enfriamiento,スキップ
friendly_title,Friendly battle request,,友好战斗请求,친선전 요청,Solicitud de batalla amistosa,友好的なバトルリクエスト
pvp_challenge,Challenge random opponents to earn experience & exciting rewards,,挑战随机对手以获得经验和令人兴奋的奖励,무작위 상대에게 도전하여 경험과 흥미진진한 보상을 받으세요,Desafía a oponentes aleatorios para ganar experiencia y recompensas emocionantes,ランダムな対戦相手に挑戦して、経験とエキサイティングな報酬を獲得しましょう
challenge_request,Challenge request,,挑战请求,도전 요청,Solicitud de desafio,チャレンジリクエスト
challenge_request_lead,Do you want to challenge,,你想挑战吗,도전하시겠습니까?,¿Querés desafiarme?,挑戦しますか
challenge_request_desc,Wants to challenge you to a batte!,,想挑战你！,타자에 도전하고 싶다!,Quiero desafiarte en una batalla,バットで挑戦したい！
please_switch_on_mobile,"For WalletConnect, please switch networks on your mobile wallet.",,对于 WalletConnect，请在您的移动钱包上切换网络。,월렛연결의 경우 모바일 지갑에서 네트워크를 전환하십시오.,"Para WalletConnect,cambie la cadena en su billetera móvil",ウォレットコネクトの場合は、モバイルウォレットのネットワークを切り替えてください。
no_ethereum_browser,"No Ethereum browser extension detected, install MetaMask on desktop or visit from an App browser on mobile.",,未检测到以太坊浏览器扩展，在桌面安装 MetaMask 或从移动设备上的 dApp 浏览器访问。,이더리움 브라우저 확장이 감지되지 않았습니다. 데스크톱에 메타마스크를 설치하거나 모바일의 dApp 브라우저에서 방문하세요.,"No se detectó ninguna extensión de navegador Ethereum, instale MetaMask en el escritorio o visite desde un navegador dApp en un dispositivo móvil.",イーサリアムブラウザ拡張機能が検出されませんでした。デスクトップにメタマスクをインストールするか、モバイルのdAppブラウザからアクセスしてください。
please_authorize_website,Please authorize this website to access your Ethereum account.,,请授权本网站访问您的以太坊账户。,이 웹사이트가 귀하의 이더리움 계정에 액세스할 수 있도록 승인하십시오.,Autorice a este sitio web para acceder a su cuenta de Ethereum.,このウェブサイトにイーサリアムアカウントへのアクセスを許可してください。
unexpected_error_occurred,An unexpected error has occurred,,发生了意外错误,예상치 못한 오류가 발생했습니다,Ha ocurrido un error inesperado,予期しないエラーが発生しました
close_try_again,Please close this modal and try again,,请关闭此模式并重试,이 모달을 닫고 다시 시도하십시오,"Cierra esta modalidad e inténtalo de nuevo.
",このモーダルを閉じて、再試行してください
exit_lead,You are about to claim back your NFTs and exit the current session of the game. Are you sure you want to do that?,,您即将收回您的 NFT 并退出当前的游戏会话。你确定要这样做吗？,NFT를 회수하고 게임의 현재 세션을 종료하려고 합니다. 진행하시겠습니까?,Está a punto de reclamar sus NFT y salir de la sesión actual del juego. ¿Estás seguro de que quieres hacer eso?,NFTを取り戻し、ゲームの現在のセッションを終了しようとしています。 本当にやりたいですか？
claim_history,Claim history,,索赔历史,청구 내역,Historial de reclamo,クレーム履歴
topup_energy,Top up Energy,,充值能量,에너지 충전,Recarga energia,トップアップエネルギー
metaverse_heading,Multiverse,,多元宇宙,메타버스,Multiverso,多元宇宙
staking_heading,STAKING,,质押,스테이킹,Staking,ステーキング
transfer_bcmc,Transfer BCMC,,转移BCMC,BCMC 이전,Transferir BCMC,BCMCを転送する
claimable_at,Claimable at,,可索赔,청구 가능 시간,Reclamable a las,で請求可能
new_member,New member,,新成员,새로운 회원,Nuevo miembro,新会員
new_session,New session,,新会话,새 세션,Nueva sesión,新しいセッション
create_session,Create session,,创建会话,세션 생성,Crear sesión,セッションを作成する
session_overview,Session overview,,会议概述,세션 개요,Informacion general de la sesion,セッションの概要
view_more,View more,,查看更多,더보기,ver mas,もっと見る
filter_by,Filter by,,过滤,필터링 기준,Filtrado por,フィルタリング
claim_bcmc_only,Claim BCMC only,,只申请 BCMC,BCMC만 청구,Reclamar BCMC solamente,BCMCのみを請求する
required_stamina,Required stamina,,所需的耐力,필요 스타미나,Requiere de stamina,必要なスタミナ
view_guide,View Guide,,查看指南,가이드 보기,Ver guia,ガイドを見る
faucet_bcmc,You can claim a maximum of 100 BCMC per account.,Bạn chỉ có thể nhận tối đa 100 BCMC mỗi tài khoản,每个账户最多可以申领 100 BCMC。,계정당 최대 100 BCMC를 청구할 수 있습니다.,Solo podes reclamar un maximo de 100 BCMC por cuenta,アカウントごとに最大100のBCMCを請求できます。
coming_soon_portal,Coming Soon,Sắp ra mắt,即将推出,Coming Soon,Proximamente,近日公開
edit_profile,Edit Profile,Thay đổi thông tin,编辑个人资料,프로필 수정,Editar perfil,プロファイル編集
current_tier_info,"You are 29,500 BCMC away from reaching the next VIP Tier.","Bạn đang thiếu 29,500 BCMC để đạt VIP tiếp theo","您距离下一个 VIP 等级还有 29,500 BCMC。","다음 VIP 티어에 도달하려면 BCMC가 29,500입니다.",Estás a 29 500 BCMC de alcanzar el siguiente nivel VIP.,"次のVIPティアに到達するまでに29,500BCMC離れています。"
customize_avatar,Customize Avatar,Thay đổi ảnh đại diện,自定义头像,아바타 수정,Personaliza tu avatar,アバターをカスタマイズする
filter_monsters,Filter Monsters,Lọc quái thú,过滤怪物,필터 몬스터,Filtrá los monstruos,フィルターモンスター
battle_starts,BATTLE STARTS,TRẬN CHIẾN BẮT ĐẦU,战斗开始,전투 시작,LA BATALLA COMIENZA,バトルスタート
sort_by,Sort By,,排序方式,정렬 기준,Ordenar por,並び替え
portal_title,Send BCMC and Monsters across chains.,Chuyển BCMC và Quái thú qua các chuỗi,跨链发送 BCMC 和怪物。,BCMC와 몬스터를 체인으로 보냅니다.,Enviar BCMC y monstruos a traves de las redes,チェーンを越えてBCMCとモンスターを送ってください。
portal_heading,BRIDGE,,桥,브리지,PUENTE,橋
portfolio_title,PORTFOLIO,,文件夹,포트폴리오,Envía BCMC y monstruos a través de cadenas,ポートフォリオ
view_monster,VIEW MONSTER,Xem quái thú,查看怪物,몬스터 보기,Ver monstruo,モンスターを見る
view_transaction,View Transaction,Xem giao dịch,查看交易,거래 보기,Ver transacción,トランザクションを表示
share_portfolio,Share Portfolio,Chia sẻ,分享投资组合,포트폴리오 공유,Compartir portafolio,ポートフォリオを共有する
view_monster_capitalize,View Monster,Xem quái thú,查看怪物,몬스터 보기,Ver monstruo,モンスターを見る
send_nfts,SEND NFT,Gửi NFT,发送 NFT,NFT 보내기,Enviar NFT,NFTを送信
send_bcmc,Transfer BCMC,Chuyển BCMC,转移BCMC,BCMC 이전,Transferir BCMC,BCMCを転送する
create_session_success,Please head to <memberRef> this member's profile </memberRef> to view this session in detail.,Please head to <memberRef> this member profile </memberRef> to view this session in details.,请前往 <memberRef> 此会员资料 </memberRef> 以查看此会话的详细信息。,이 세션을 자세히 보려면 <memberRef> 이 회원 프로필 </memberRef> 로 이동해 주십시오.,Diríjase a <memberRef> este perfil de miembro </memberRef> para ver los detalles de esta sesión.,このセッションの詳細を表示するには、<メンバー参照>このメンバープロファイル</ メンバー参照>にアクセスしてください。
current_multiverse,Current energy (Multiverse),,当前能量（多元宇宙）,전류 에너지(메타버스),Energia actual (multiverso),現在のエネルギー（多元宇宙）
minded_rewards,Minded Rewards,Minded Rewards,Minded Rewards,Minded Rewards,Minded Rewards,Minded Rewards
select_monster_to_equip_desc,Select your monster you want to equip,,,,,
already_equipped,Already equipped,,,,,
lock_monster_notice,Monster after catching. You will need to claim to your portfolio before you can use it,,,,,
lock_reward_notice,Reward after earning. You will need to claim to your portfolio before you can use it,,,,,
change_view,Change view,,,,,
item_owned_you,You own this item,Bạn đang sở hữu vật phẩm này,,,,
your_filter_no_results,You filter has no results,Bộ lọc không có kết quả,,,,
